cost,SR,max_value,operation_time
50.0,-0.1666000000000003,2.1666000000000003,0
