cost,SR,IR,rmse,r2,max_value,operation_time
30.0,14.69117772487376,6.807932002179527,19.75480687637783,-0.6168856982507414,57.46094477268483,0
