cost,SR,IR,rmse,r2,max_value,operation_time
30.0,5.984908027208618,37.514579254263964,18.62427718059785,-0.4371185524139023,66.16721447034998,0.0
31.0,5.984908027208618,35.52978639443749,18.354488676216153,-0.39578434673365614,66.16721447034998,1.553400993347168
32.0,5.984908027208618,-13.838691281028602,49.27561742748229,-9.059997953041494,66.16721447034998,1.5180974006652832
33.0,5.984908027208618,21.768147089026577,22.158836986248136,-1.034359344016,66.16721447034998,1.5282375812530518
35.0,5.984908027208618,75.28046645238656,30.26303036105854,-2.794535060846381,66.16721447034998,1.5603439807891846
39.0,5.984908027208618,79.72916934980589,34.71859281810359,-3.9941084809403478,66.16721447034998,1.5409417152404785
43.0,5.984908027208618,74.70504398561106,29.85987820209319,-2.6941098585982117,66.16721447034998,1.557729959487915
45.0,5.984908027208618,65.13294416310603,22.273174842443062,-1.055407776854004,66.16721447034998,1.5669255256652832
