cost,SR,IR,rmse,r2,max_value,operation_time
30.0,13.936423860144266,42.12227613834468,17.15230323203154,-0.21892963157176482,58.21569863741433,0.0
31.0,13.936423860144266,43.54523125515561,16.464025206490614,-0.1230673137810625,58.21569863741433,1.8169169425964355
