cost,SR,IR,rmse,r2,max_value,operation_time
50.0,2.1337569445741593,8.728138223039902,3.6532806791323758,-1.3520995066329666,11.665001562200743,0.0
51.0,2.1337569445741593,7.748618570136833,3.381818703404807,-1.0155345823094226,11.665001562200743,1.8388595581054688
52.0,2.1337569445741593,2.9507744414329924,1.9889050187986923,0.3028636985161457,11.665001562200743,1.8394300937652588
53.0,2.1337569445741593,8.808960040879644,3.7043390182718277,-1.4183049396681024,11.665001562200743,1.8200407028198242
54.0,2.1337569445741593,6.812693672517286,3.0512969841331756,-0.640811043052806,11.665001562200743,1.8612444400787354
55.0,2.1337569445741593,5.677074513747556,2.7826231117651212,-0.3645780672282808,11.665001562200743,1.8887488842010498
56.0,2.1337569445741593,4.691589186222284,2.7119444750633455,-0.29613786336238723,11.665001562200743,1.9402611255645752
57.0,2.1337569445741593,7.631240329953949,3.2916086100519695,-0.9094398851479886,11.665001562200743,1.9736928939819336
58.0,2.1337569445741593,5.558214642769576,3.1453198188368026,-0.7434890881982494,11.665001562200743,1.9111053943634033
