cost,SR,IR,rmse,r2,max_value,operation_time
50.0,126.01618094341714,186.25506786678395,62.075983343229424,0.03194593693622794,177.5225763808016,0.0
55.0,126.01618094341714,172.62591608816848,55.75466645151049,0.2190650848943736,177.5225763808016,1.9686288833618164
