cost,SR,IR,rmse,r2,max_value,operation_time
50.0,22.490685604060218,-91.08191995353951,179.3340548636875,-7.07937810060643,281.04807172015853,0.0
51.0,22.490685604060218,-142733.94937657376,90441.07978286076,-2054866.7387239384,281.04807172015853,1.7233846187591553
52.0,22.490685604060218,-1358.2802656331335,964.7069465726465,-232.7993006650623,281.04807172015853,1.719726800918579
