cost,incumbents,operation_time
120,0.05043352887563555,0.0
130,0.1345967826501708,5.941273927688599
131,0.1345967826501708,5.992072343826294
132,0.1345967826501708,6.279028415679932
133,0.1345967826501708,6.363216161727905
134,0.1345967826501708,5.950458526611328
135,0.1345967826501708,6.181155204772949
136,0.1345967826501708,5.868732929229736
146,0.1345967826501708,5.695985317230225
147,0.1345967826501708,5.704846382141113
148,0.1345967826501708,5.385225534439087
