cost,incumbents,operation_time
120,0.10309216890098787,0.0
121,0.11181570424286502,5.517077922821045
122,0.11181570424286502,5.675226926803589
123,0.11181570424286502,5.771592378616333
133,0.11181570424286502,6.067632436752319
143,0.11181570424286502,6.408971071243286
144,0.11181570424286502,6.037372589111328
145,0.11181570424286502,6.055630922317505
155,0.11181570424286502,5.434625864028931
156,0.11181570424286502,6.1584978103637695
166,0.11181570424286502,6.285317897796631
