cost,incumbents,operation_time
120,0.0734718046374534,0.0
121,0.09391480635918048,6.071576118469238
122,0.09391480635918048,6.055070400238037
132,0.09391480635918048,6.074472904205322
142,0.09391480635918048,6.243511199951172
152,0.09391480635918048,6.224178075790405
162,0.09391480635918048,6.404766321182251
172,0.09391480635918048,6.029165029525757
182,0.1475168764591217,6.182713747024536
183,0.1475168764591217,6.262929677963257
184,0.1475168764591217,6.078160047531128
