cost,incumbents,operation_time
120,4.08993321022457e-06,0.0
121,0.10604531875426901,5.934208154678345
122,0.10604531875426901,6.165764808654785
132,0.10604531875426901,6.055861711502075
133,0.10604531875426901,5.963006973266602
143,0.10604531875426901,5.6207873821258545
144,0.10604531875426901,5.389072895050049
154,0.10604531875426901,5.427093982696533
155,0.10604531875426901,5.07363486289978
156,0.10604531875426901,5.527002811431885
166,0.10604531875426901,5.724549055099487
