cost,incumbents,operation_time
120,0.06247927535306549,0.0
130,0.14844038537916585,5.668186664581299
140,0.14844038537916585,5.015343427658081
150,0.14844038537916585,4.9014668464660645
160,0.14844038537916585,5.023565053939819
170,0.14844038537916585,4.876709222793579
180,0.14844038537916585,4.6766276359558105
190,0.14844038537916585,5.135935544967651
200,0.14844038537916585,4.974592447280884
210,0.14844038537916585,5.027502536773682
220,0.14844038537916585,4.896007061004639
