cost,incumbents,operation_time
120,0.05043352887563555,0.0
130,0.1345967826501708,5.000833034515381
140,0.1345967826501708,4.8658528327941895
150,0.1345967826501708,4.838922739028931
160,0.1345967826501708,4.966019868850708
170,0.1345967826501708,4.916542053222656
180,0.1345967826501708,4.967250108718872
190,0.1345967826501708,4.764761209487915
200,0.1345967826501708,4.885284423828125
210,0.1345967826501708,4.927383184432983
220,0.1345967826501708,4.818225860595703
