cost,incumbents,operation_time
120,4.08993321022457e-06,0.0
130,0.10604531875426901,4.64595627784729
140,0.10604531875426901,4.6756556034088135
150,0.10604531875426901,4.741685152053833
160,0.10604531875426901,4.787548065185547
170,0.10604531875426901,4.82521390914917
180,0.10604531875426901,4.869725942611694
190,0.10604531875426901,4.975483417510986
200,0.10604531875426901,4.847855091094971
210,0.10604531875426901,4.919613599777222
220,0.10604531875426901,4.87577748298645
