cost,incumbents,operation_time
120,0.10309216890098787,0.0
130,0.11181570424286502,1.9256806373596191
140,0.11181570424286502,1.820157527923584
150,0.11181570424286502,1.6684234142303467
160,0.11181570424286502,1.7829182147979736
170,0.11181570424286502,1.6635301113128662
180,0.11181570424286502,1.7058889865875244
190,0.11181570424286502,1.894878625869751
200,0.11181570424286502,1.645512342453003
210,0.11181570424286502,1.9299757480621338
220,0.11181570424286502,1.711897611618042
