cost,incumbents,operation_time
120,0.06247927535306549,0.0
130,0.14844038537916585,1.736421823501587
140,0.14844038537916585,1.738696813583374
150,0.14844038537916585,1.5062780380249023
160,0.14844038537916585,1.2689485549926758
170,0.14844038537916585,1.3275768756866455
180,0.14844038537916585,1.5835437774658203
190,0.14844038537916585,2.0185489654541016
200,0.14844038537916585,1.6971406936645508
210,0.14844038537916585,1.8552093505859375
220,0.14844038537916585,1.7662363052368164
