cost,incumbents,operation_time
120,0.05043352887563555,0.0
130,0.1345967826501708,1.6362605094909668
140,0.1345967826501708,1.721236228942871
150,0.1345967826501708,1.8853015899658203
160,0.1345967826501708,1.6558964252471924
170,0.1345967826501708,1.7253990173339844
180,0.1345967826501708,1.6922812461853027
190,0.1345967826501708,1.7811579704284668
200,0.1345967826501708,1.8234236240386963
210,0.1345967826501708,1.8377211093902588
220,0.1345967826501708,1.83506178855896
