cost,incumbents,operation_time
120,0.10309216890098787,0.0
130,0.11181570424286502,1.8845112323760986
140,0.11181570424286502,1.7891290187835693
150,0.11181570424286502,1.7397122383117676
160,0.11181570424286502,1.9966588020324707
170,0.11181570424286502,2.0411648750305176
180,0.11181570424286502,2.263049364089966
190,0.11181570424286502,1.8866467475891113
200,0.11181570424286502,2.0043318271636963
210,0.11181570424286502,1.765437126159668
220,0.11181570424286502,1.9328713417053223
