cost,incumbents,operation_time
120,0.06247927535306549,0.0
121,0.14844038537916585,9.060633182525635
122,0.14844038537916585,8.966766834259033
123,0.14844038537916585,8.911038875579834
124,0.14844038537916585,9.099213600158691
125,0.14844038537916585,9.233022451400757
126,0.14844038537916585,9.3587007522583
127,0.14844038537916585,8.060981273651123
128,0.14844038537916585,9.1847825050354
129,0.14844038537916585,9.016399621963501
130,0.14844038537916585,8.92281699180603
