cost,incumbents,operation_time
120,0.10309216890098787,0.0
121,0.11181570424286502,8.671641111373901
122,0.11181570424286502,8.950506210327148
123,0.11181570424286502,9.005208015441895
124,0.11181570424286502,9.677050113677979
125,0.11181570424286502,9.249520063400269
126,0.11181570424286502,9.347920656204224
127,0.11181570424286502,9.079652786254883
128,0.11181570424286502,9.036972761154175
129,0.11181570424286502,9.062866926193237
130,0.11181570424286502,8.967039823532104
