cost,incumbents,operation_time
120,0.05043352887563555,0.0
130,0.1345967826501708,3.346930503845215
140,0.1345967826501708,1.8421669006347656
150,0.1345967826501708,1.604048728942871
160,0.1345967826501708,1.8768713474273682
170,0.1345967826501708,1.6693837642669678
180,0.1345967826501708,1.5859184265136719
190,0.1345967826501708,1.733443021774292
200,0.1345967826501708,1.7590539455413818
210,0.1345967826501708,1.6506104469299316
220,0.1345967826501708,1.6772515773773193
