cost,incumbents,operation_time
120,0.10309216890098787,0.0
130,0.11181570424286502,10.644310712814331
140,0.11181570424286502,9.250622272491455
150,0.11181570424286502,9.226586103439331
160,0.11181570424286502,10.46733283996582
170,0.11181570424286502,9.867429256439209
180,0.11181570424286502,9.438210725784302
190,0.11181570424286502,8.786036729812622
200,0.11181570424286502,8.530722856521606
210,0.11181570424286502,9.031743049621582
220,0.11181570424286502,8.425863265991211
