cost,incumbents,operation_time
120,4.08993321022457e-06,0.0
121,0.10604531875426901,8.605084657669067
122,0.10604531875426901,9.321011543273926
123,0.10604531875426901,8.937127351760864
124,0.10604531875426901,8.84903883934021
125,0.10604531875426901,8.805046796798706
126,0.10604531875426901,8.8828866481781
127,0.10604531875426901,9.400575399398804
128,0.10604531875426901,8.872185945510864
129,0.10604531875426901,9.089057683944702
130,0.10604531875426901,8.95813512802124
