cost,incumbents,operation_time
120,0.0734718046374534,0.0
130,0.09423746168613434,8.542083978652954
131,0.09423746168613434,9.182454824447632
132,0.09423746168613434,8.778271675109863
133,0.09423746168613434,8.837625741958618
134,0.09423746168613434,8.770456075668335
135,0.09423746168613434,7.989032506942749
136,0.09423746168613434,7.653314828872681
137,0.09423746168613434,7.797632694244385
138,0.09423746168613434,7.960918426513672
139,0.09423746168613434,9.603437423706055
