cost,incumbents,operation_time
120,0.05043352887563555,0.0
130,0.1345967826501708,7.869990110397339
140,0.1345967826501708,8.519397497177124
150,0.1345967826501708,9.651164770126343
160,0.1345967826501708,10.206129550933838
170,0.1345967826501708,10.5225989818573
180,0.1345967826501708,10.231503009796143
190,0.1345967826501708,9.744287729263306
200,0.1345967826501708,10.192150831222534
210,0.1345967826501708,10.141671419143677
220,0.1345967826501708,10.604125499725342
