cost,incumbents,operation_time
120,0.06247927535306549,0.0
130,0.14844038537916585,2.6819491386413574
140,0.14844038537916585,2.699195623397827
150,0.14844038537916585,2.5322089195251465
160,0.14844038537916585,2.434128522872925
170,0.14844038537916585,2.656806468963623
180,0.14844038537916585,2.965423822402954
190,0.14844038537916585,2.800161361694336
200,0.14844038537916585,2.608980417251587
210,0.14844038537916585,2.4427762031555176
220,0.14844038537916585,3.071382522583008
