cost,incumbents,operation_time
120,0.06247927535306549,0.0
130,0.14844038537916585,7.827302694320679
140,0.14844038537916585,7.672115802764893
150,0.14844038537916585,7.6748576164245605
160,0.14844038537916585,7.766695499420166
170,0.14844038537916585,7.64837908744812
180,0.14844038537916585,7.956786632537842
190,0.14844038537916585,7.733320713043213
200,0.14844038537916585,7.895863771438599
210,0.14844038537916585,7.946784019470215
220,0.14844038537916585,7.781670570373535
