cost,incumbents,operation_time
120,0.06247927535306549,0.0
130,0.14844038537916585,4.726864337921143
140,0.14844038537916585,4.598081588745117
150,0.14844038537916585,4.429565191268921
160,0.14844038537916585,4.546864032745361
170,0.14844038537916585,4.6803717613220215
180,0.14844038537916585,4.711420297622681
190,0.14844038537916585,4.776033639907837
200,0.14844038537916585,5.0329179763793945
210,0.14844038537916585,4.754401922225952
220,0.14844038537916585,4.107434034347534
