cost,incumbents,operation_time
120,0.06247927535306549,0.0
130,0.14844038537916585,5.3575358390808105
131,0.14844038537916585,5.024384260177612
141,0.14844038537916585,4.7435503005981445
151,0.14844038537916585,4.776546239852905
161,0.14844038537916585,4.938782453536987
171,0.14844038537916585,4.735306978225708
181,0.14844038537916585,5.438196897506714
191,0.14844038537916585,5.707781791687012
201,0.14844038537916585,5.164108514785767
202,0.14844038537916585,5.525845050811768
