cost,incumbents,operation_time
120,0.05043352887563555,0.0
130,0.1345967826501708,5.222422361373901
140,0.1345967826501708,5.444425344467163
141,0.1345967826501708,5.535060167312622
142,0.1345967826501708,5.6413891315460205
143,0.1345967826501708,5.804985046386719
144,0.1345967826501708,5.689648389816284
145,0.1345967826501708,5.503333806991577
155,0.1345967826501708,5.753290891647339
156,0.1345967826501708,5.65952205657959
157,0.1345967826501708,5.778112173080444
