cost,incumbents,operation_time
120,0.05043352887563555,0.0
130,0.1345967826501708,4.924429893493652
140,0.1345967826501708,4.612562894821167
150,0.1345967826501708,4.658958196640015
160,0.1345967826501708,4.895707368850708
170,0.1345967826501708,4.472513914108276
180,0.1345967826501708,4.3557305335998535
190,0.1345967826501708,4.398058652877808
200,0.1345967826501708,4.32062029838562
210,0.1345967826501708,4.535327196121216
220,0.1345967826501708,4.823253631591797
