cost,incumbents,operation_time
120,0.10309216890098787,0.0
130,0.11181570424286502,1.6833975315093994
140,0.11181570424286502,1.654092788696289
150,0.11181570424286502,1.5819876194000244
160,0.11181570424286502,1.6773347854614258
170,0.11181570424286502,1.4975273609161377
180,0.11181570424286502,1.7313919067382812
190,0.11181570424286502,1.6087403297424316
200,0.11181570424286502,1.7533013820648193
210,0.11181570424286502,1.6530945301055908
220,0.11181570424286502,1.5453150272369385
