cost,incumbents,operation_time
120,4.08993321022457e-06,0.0
130,0.10604531875426901,4.732135772705078
140,0.10604531875426901,4.853879928588867
150,0.10604531875426901,4.611506462097168
160,0.10604531875426901,4.581204652786255
170,0.10604531875426901,4.7184834480285645
180,0.10604531875426901,4.886118650436401
190,0.10604531875426901,4.596697092056274
200,0.10604531875426901,4.757112979888916
210,0.10604531875426901,4.83590030670166
220,0.10604531875426901,4.464814901351929
