cost,incumbents,operation_time
120,0.05043352887563555,0.0
130,0.1345967826501708,1.5580434799194336
140,0.1345967826501708,1.7040424346923828
150,0.1345967826501708,1.6269779205322266
160,0.1345967826501708,1.8323116302490234
170,0.1345967826501708,1.5701045989990234
180,0.1345967826501708,1.5957467555999756
190,0.1345967826501708,1.716925859451294
200,0.1345967826501708,1.7699038982391357
210,0.1345967826501708,1.7207376956939697
220,0.1345967826501708,1.5636935234069824
