cost,incumbents,operation_time
120,4.08993321022457e-06,0.0
121,0.10604531875426901,5.4823691844940186
122,0.10604531875426901,5.85907506942749
132,0.10604531875426901,5.385518312454224
133,0.10604531875426901,5.438369989395142
143,0.10604531875426901,5.573256969451904
144,0.10604531875426901,5.575739860534668
154,0.10604531875426901,5.58905291557312
155,0.10604531875426901,5.6516029834747314
156,0.10604531875426901,5.628098487854004
166,0.10604531875426901,5.4584057331085205
