cost,incumbents,operation_time
120,0.10309216890098787,0.0
121,0.11181570424286502,5.5400402545928955
122,0.11181570424286502,5.521427869796753
123,0.11181570424286502,5.607956647872925
133,0.11181570424286502,5.5397772789001465
143,0.11181570424286502,5.564073801040649
144,0.11181570424286502,5.378124713897705
154,0.11181570424286502,5.4459006786346436
164,0.11181570424286502,5.285997629165649
165,0.11181570424286502,5.2545692920684814
175,0.11181570424286502,5.572960376739502
