cost,incumbents,operation_time
120,-0.554770117106541,0.0
121,1.695728228958997,4.680970907211304
122,1.695728228958997,4.738485813140869
132,1.695728228958997,4.469934940338135
142,1.695728228958997,4.545940160751343
143,1.695728228958997,4.392269134521484
144,1.695728228958997,4.363353490829468
154,1.695728228958997,4.146379232406616
155,1.695728228958997,4.04509425163269
156,1.695728228958997,3.855961799621582
157,1.695728228958997,3.8318417072296143
