cost,incumbents,operation_time
120,-0.04912562517808683,0.0
130,0.9607673631714209,2.537069797515869
140,1.0749024456552907,2.5327401161193848
150,1.0749024456552907,3.5313127040863037
160,1.0749024456552907,2.620933771133423
161,1.0749024456552907,2.4510605335235596
162,1.0749024456552907,2.4697835445404053
163,1.0749024456552907,2.5926129817962646
164,1.0749024456552907,2.6134328842163086
165,1.0749024456552907,4.076581001281738
166,1.0749024456552907,3.6378519535064697
