cost,incumbents,operation_time
120,-0.04912562517808683,0.0
130,0.9607673631714209,5.873096227645874
140,1.0772103748977828,6.065879821777344
150,1.0772103748977828,9.942747354507446
160,1.0772103748977828,10.004629135131836
170,1.0772103748977828,5.964444637298584
180,1.0772103748977828,6.400547742843628
190,1.1203272269237496,6.470638036727905
200,1.127032813064203,6.045720338821411
210,1.127032813064203,9.351386547088623
220,1.127032813064203,8.224950790405273
