cost,incumbents,operation_time
120,-0.23367144632293535,0.0
121,2.874319383379581,9.489615201950073
122,2.874319383379581,9.367378950119019
123,2.874319383379581,10.73115062713623
124,2.874319383379581,9.741502285003662
125,2.874319383379581,9.405223369598389
126,2.874319383379581,9.711875438690186
127,2.874319383379581,10.21201753616333
128,2.874319383379581,12.868871927261353
129,2.874319383379581,10.875084161758423
130,2.874319383379581,11.040916204452515
