cost,incumbents,operation_time
120,-0.04912562517808683,0.0
130,0.9800808429718018,11.053666591644287
131,0.9800808429718018,10.386358976364136
132,0.9800808429718018,11.809863805770874
133,0.9800808429718018,12.052615404129028
134,0.9800808429718018,10.916691780090332
135,0.9800808429718018,10.538285255432129
136,0.9800808429718018,9.868280172348022
137,0.9800808429718018,10.12771463394165
138,0.9800808429718018,12.466266870498657
139,0.9800808429718018,10.493010520935059
