cost,incumbents,operation_time
120,1.5185220526375167,0.0
121,2.0261979217603368,10.202537536621094
122,2.0261979217603368,10.067916631698608
123,2.0261979217603368,11.071698427200317
124,2.0261979217603368,9.582873582839966
125,2.0261979217603368,10.041675567626953
126,2.0261979217603368,10.069173812866211
127,2.0261979217603368,12.197106838226318
128,2.0261979217603368,10.658421516418457
129,2.0261979217603368,10.717959642410278
130,2.0261979217603368,9.839753150939941
