cost,incumbents,operation_time
120,-0.04912562517808683,0.0
121,0.9607673631714209,3.708670139312744
122,0.9607673631714209,3.582944869995117
123,0.9607673631714209,3.7192935943603516
124,0.9607673631714209,3.541905403137207
134,2.6632497310638428,3.6340231895446777
144,2.6632497310638428,3.531369686126709
154,2.6632497310638428,3.700521230697632
155,2.6632497310638428,3.740297555923462
156,2.6632497310638428,3.993764877319336
157,2.6632497310638428,4.759877681732178
