cost,incumbents,operation_time
120,-0.04912562517808683,0.0
130,0.9607673631714209,2.0290944576263428
140,1.1015476209880692,2.1091902256011963
150,1.1015476209880692,2.1100876331329346
151,1.1015476209880692,2.0400850772857666
152,1.1015476209880692,2.0821704864501953
153,1.1015476209880692,2.1125290393829346
154,1.1015476209880692,2.1860151290893555
155,1.1015476209880692,2.312147617340088
156,1.1015476209880692,3.344343662261963
157,1.1015476209880692,3.2441344261169434
