{
  "stats": {
    "submitted": 53,
    "finished": 53,
    "running": 0
  },
  "data": [
    [
      1,
      null,
      1791095845,
      null,
      -46.926639556884766,
      0.0006208419799804688,
      1,
      1732194643.3144736,
      1732194643.3170133,
      {}
    ],
    [
      2,
      null,
      1791095845,
      null,
      -16.95224952697754,
      0.0008504390716552734,
      1,
      1732194643.3238206,
      1732194643.327441,
      {}
    ],
    [
      3,
      null,
      1791095845,
      null,
      0.16790997982025146,
      0.000629425048828125,
      1,
      1732194643.3359442,
      1732194643.3385167,
      {}
    ],
    [
      4,
      null,
      1791095845,
      null,
      -18.301700592041016,
      0.0006182193756103516,
      1,
      1732194643.3461192,
      1732194643.3488705,
      {}
    ],
    [
      5,
      null,
      1791095845,
      null,
      4.935477256774902,
      0.0006382465362548828,
      1,
      1732194643.3554156,
      1732194643.358142,
      {}
    ],
    [
      6,
      null,
      1791095845,
      null,
      -32.53596878051758,
      0.00064849853515625,
      1,
      1732194643.3652875,
      1732194643.3679218,
      {}
    ],
    [
      7,
      null,
      1791095845,
      null,
      -52.19197082519531,
      0.0006771087646484375,
      1,
      1732194643.3760116,
      1732194643.379624,
      {}
    ],
    [
      8,
      null,
      1791095845,
      null,
      -0.4836287498474121,
      0.0008697509765625,
      1,
      1732194643.3866494,
      1732194643.3901117,
      {}
    ],
    [
      9,
      null,
      1791095845,
      null,
      -32.57777404785156,
      0.0006844997406005859,
      1,
      1732194643.3997009,
      1732194643.4024067,
      {}
    ],
    [
      10,
      null,
      1791095845,
      null,
      -15.63338851928711,
      0.0010187625885009766,
      1,
      1732194643.4093115,
      1732194643.4135983,
      {}
    ],
    [
      11,
      null,
      1791095845,
      null,
      -21.68808364868164,
      0.0006077289581298828,
      1,
      1732194643.423567,
      1732194643.4261487,
      {}
    ],
    [
      12,
      null,
      1791095845,
      null,
      -4.698883533477783,
      0.0006535053253173828,
      1,
      1732194643.4384723,
      1732194643.441581,
      {}
    ],
    [
      13,
      null,
      1791095845,
      null,
      -2.405668020248413,
      0.0009589195251464844,
      1,
      1732194643.4518516,
      1732194643.457023,
      {}
    ],
    [
      14,
      null,
      1791095845,
      null,
      -26.928016662597656,
      0.0006155967712402344,
      1,
      1732194643.4684205,
      1732194643.471071,
      {}
    ],
    [
      15,
      null,
      1791095845,
      null,
      -49.577613830566406,
      0.0006089210510253906,
      1,
      1732194643.481757,
      1732194643.4843042,
      {}
    ],
    [
      16,
      null,
      1791095845,
      null,
      -20.15842056274414,
      0.0008392333984375,
      1,
      1732194643.4926286,
      1732194643.4966788,
      {}
    ],
    [
      17,
      null,
      1791095845,
      null,
      -12.776116371154785,
      0.0006067752838134766,
      1,
      1732194643.5054386,
      1732194643.5079937,
      {}
    ],
    [
      18,
      null,
      1791095845,
      null,
      -56.40045166015625,
      0.0006322860717773438,
      1,
      1732194643.5202563,
      1732194643.5228176,
      {}
    ],
    [
      19,
      null,
      1791095845,
      null,
      -20.216787338256836,
      0.0006225109100341797,
      1,
      1732194643.5358746,
      1732194643.5384743,
      {}
    ],
    [
      20,
      null,
      1791095845,
      null,
      1.2991764545440674,
      0.000621795654296875,
      1,
      1732194643.550644,
      1732194643.5531642,
      {}
    ],
    [
      21,
      null,
      1791095845,
      null,
      -10.98973274230957,
      0.0005958080291748047,
      1,
      1732194643.5639281,
      1732194643.566428,
      {}
    ],
    [
      22,
      null,
      1791095845,
      null,
      -1.1191271543502808,
      0.0008640289306640625,
      1,
      1732194643.5782466,
      1732194643.5822515,
      {}
    ],
    [
      23,
      null,
      1791095845,
      null,
      -8.343453407287598,
      0.0006051063537597656,
      1,
      1732194643.592711,
      1732194643.5954347,
      {}
    ],
    [
      24,
      null,
      1791095845,
      null,
      -39.057159423828125,
      0.0005943775177001953,
      1,
      1732194643.607227,
      1732194643.6097212,
      {}
    ],
    [
      25,
      null,
      1791095845,
      null,
      -9.888923645019531,
      0.0006279945373535156,
      1,
      1732194643.6210585,
      1732194643.6236956,
      {}
    ],
    [
      26,
      null,
      1791095845,
      null,
      -53.777462005615234,
      0.0009210109710693359,
      1,
      1732194644.2983127,
      1732194644.3028936,
      {}
    ],
    [
      27,
      null,
      1791095845,
      null,
      -55.58647918701172,
      0.0011069774627685547,
      1,
      1732194644.3275766,
      1732194644.332932,
      {}
    ],
    [
      28,
      null,
      1791095845,
      null,
      -1.7427527904510498,
      0.001058816909790039,
      1,
      1732194644.35627,
      1732194644.3611357,
      {}
    ],
    [
      29,
      null,
      1791095845,
      null,
      -62.495338439941406,
      0.0007405281066894531,
      1,
      1732194644.3849216,
      1732194644.3881276,
      {}
    ],
    [
      30,
      null,
      1791095845,
      null,
      -0.5473213195800781,
      0.0009670257568359375,
      1,
      1732194644.4130943,
      1732194644.4179277,
      {}
    ],
    [
      31,
      null,
      1791095845,
      null,
      -38.115562438964844,
      0.00226593017578125,
      1,
      1732194644.4408417,
      1732194644.4460416,
      {}
    ],
    [
      32,
      null,
      1791095845,
      null,
      -19.681055068969727,
      0.0011093616485595703,
      1,
      1732194644.467542,
      1732194644.4728744,
      {}
    ],
    [
      33,
      null,
      1791095845,
      null,
      -63.03814697265625,
      0.0008935928344726562,
      1,
      1732194644.4963605,
      1732194644.5000794,
      {}
    ],
    [
      34,
      null,
      1791095845,
      null,
      -73.04278564453125,
      0.0007505416870117188,
      1,
      1732194645.5260255,
      1732194645.5296085,
      {}
    ],
    [
      35,
      null,
      1791095845,
      null,
      -67.5106201171875,
      0.0006976127624511719,
      1,
      1732194645.5570996,
      1732194645.5605302,
      {}
    ],
    [
      36,
      null,
      1791095845,
      null,
      -65.10006713867188,
      0.0008482933044433594,
      1,
      1732194645.588649,
      1732194645.592074,
      {}
    ],
    [
      37,
      null,
      1791095845,
      null,
      -69.70349884033203,
      0.002012491226196289,
      1,
      1732194645.6249752,
      1732194645.6329846,
      {}
    ],
    [
      38,
      null,
      1791095845,
      null,
      -65.183349609375,
      0.0007417201995849609,
      1,
      1732194645.6722076,
      1732194645.677558,
      {}
    ],
    [
      39,
      null,
      1791095845,
      null,
      -74.54963684082031,
      0.0011882781982421875,
      1,
      1732194645.716398,
      1732194645.7204897,
      {}
    ],
    [
      40,
      null,
      1791095845,
      null,
      1.0326859951019287,
      0.0014505386352539062,
      1,
      1732194645.7585542,
      1732194645.7651927,
      {}
    ],
    [
      41,
      null,
      1791095845,
      null,
      -65.35498809814453,
      0.0012199878692626953,
      1,
      1732194645.8053706,
      1732194645.8106573,
      {}
    ],
    [
      42,
      null,
      1791095845,
      null,
      -75.39559936523438,
      0.0008573532104492188,
      1,
      1732194646.8915405,
