cost,SR,IR,rmse,r2,max_value,operation_time
50.0,9.95752915924642,5.315557256013854,0.8483683507584001,0.989258406339709,44.7969073336735,0.0
51.0,-0.7423727556531787,-16.217672591455454,6.272268589125673,0.41284995638169963,55.4968092485731,1.195129632949829
54.0,-0.7423727556531787,1.412849620314688,1.523664569988877,0.9653519704765865,55.4968092485731,1.2020559310913086
59.0,-0.7423727556531787,1.3351178323783799,0.9865467048266566,0.985474365785198,55.4968092485731,1.1335475444793701
