cost,SR,IR,rmse,r2,max_value,operation_time
50.0,6.276385938947655,5.247778102906693,1.041666138631768,0.9838058970261796,48.47805055397227,0.0
51.0,2.186841363012597,-35.79565842192716,17.040505656119326,-3.3337590186581565,52.567595129907325,1.8248648643493652
52.0,0.8279548975741875,-867.7423285746519,291.5401303453005,-1267.517579310615,53.926481595345734,1.7771143913269043
53.0,0.8279548975741875,-314.02427585089106,94.99068397848703,-133.66720066608815,53.926481595345734,1.8666460514068604
55.0,0.8279548975741875,-80.31314717371833,31.284599416203875,-13.606999006707735,53.926481595345734,1.8030707836151123
