cost,incumbents,operation_time
520,38.187838109884964,0.0
521,42.7335311037652,7.945767641067505
522,42.7335311037652,6.794271230697632
523,42.7335311037652,6.878148794174194
524,42.7335311037652,6.879095554351807
525,42.7335311037652,6.873155117034912
526,42.7335311037652,6.782713174819946
527,42.7335311037652,7.111737489700317
528,42.7335311037652,6.841325998306274
529,42.7335311037652,6.681106090545654
530,42.7335311037652,6.99136757850647
