cost,incumbents,operation_time
520,98.73181538479778,0.0
530,39.2021416765769,6.475730895996094
531,39.2021416765769,6.603636741638184
532,39.2021416765769,6.586322546005249
533,39.2021416765769,6.649238348007202
534,39.2021416765769,6.574921131134033
535,39.2021416765769,7.223711967468262
536,39.2021416765769,7.61776328086853
537,39.2021416765769,7.227932691574097
538,39.2021416765769,7.916495323181152
539,39.2021416765769,7.621287107467651
