cost,incumbents,operation_time
520,24.077116816122754,0.0
530,50.5251307508571,6.848909139633179
540,50.5251307508571,6.618850231170654
550,50.5251307508571,10.882975578308105
560,50.5251307508571,7.100834131240845
561,50.5251307508571,6.761479139328003
571,50.5251307508571,7.804189920425415
572,50.5251307508571,7.626746416091919
573,50.5251307508571,8.499293327331543
574,50.5251307508571,7.9767866134643555
575,50.5251307508571,7.26372504234314
