cost,incumbents,operation_time
520,99.31423273773743,0.0
521,45.7082402738153,6.24155855178833
522,45.7082402738153,6.208927869796753
523,45.7082402738153,6.51378870010376
533,45.7082402738153,6.7467570304870605
534,45.7082402738153,6.642669916152954
535,45.7082402738153,6.417832136154175
536,45.7082402738153,6.915938138961792
537,45.7082402738153,7.486105680465698
538,45.7082402738153,7.797384977340698
539,45.7082402738153,7.143394231796265
