cost,incumbents,operation_time
520,83.40372711336876,0.0
521,50.227342926743944,6.991211891174316
522,50.227342926743944,7.084353923797607
523,50.227342926743944,7.504544496536255
533,50.227342926743944,7.3208699226379395
534,50.227342926743944,7.7520012855529785
535,50.227342926743944,7.93784499168396
536,50.227342926743944,7.206085443496704
537,50.227342926743944,7.124690055847168
538,50.227342926743944,6.8963563442230225
539,50.227342926743944,6.431517839431763
