cost,incumbents,operation_time
520,99.58423767612435,0.0
530,44.89863415544143,6.527669906616211
531,44.89863415544143,6.536940813064575
532,44.89863415544143,6.472917795181274
542,44.89863415544143,6.696753025054932
552,44.89863415544143,6.614619016647339
562,44.89863415544143,7.097301244735718
563,44.89863415544143,7.78667688369751
573,44.89863415544143,7.106230735778809
574,44.89863415544143,7.581354141235352
575,44.89863415544143,7.293417930603027
