cost,incumbents,operation_time
520,32.215347930836074,0.0
530,35.38244364302223,6.162673711776733
531,35.38244364302223,5.914157152175903
532,35.38244364302223,6.3680713176727295
533,35.38244364302223,6.701102018356323
543,35.38244364302223,6.180617809295654
544,35.38244364302223,6.494414806365967
545,35.38244364302223,7.040283203125
546,35.38244364302223,6.67506742477417
556,35.38244364302223,7.271531105041504
557,35.38244364302223,7.398465394973755
