cost,incumbents,operation_time
520,39.29574398744654,0.0
530,41.85586240312912,7.483311176300049
531,41.85586240312912,9.851242065429688
532,41.85586240312912,11.835340976715088
533,41.85586240312912,13.221631288528442
543,41.85586240312912,11.735856056213379
544,41.85586240312912,10.216273546218872
545,41.85586240312912,10.404137134552002
555,41.85586240312912,8.548003673553467
556,41.85586240312912,7.504760980606079
557,41.85586240312912,7.421631813049316
