cost,incumbents,operation_time
520,99.31423273773743,0.0
620,45.7082402738153,4.5908801555633545
720,46.51143682233981,6.737053394317627
820,47.82114303190627,6.980635166168213
920,47.82114303190627,4.080134391784668
1020,47.82114303190627,3.995709180831909
1120,47.82114303190627,4.1373608112335205
1220,47.82114303190627,4.699338912963867
1320,47.82114303190627,7.344867706298828
1420,47.82114303190627,7.7008161544799805
1520,47.82114303190627,6.796579122543335
