cost,incumbents,operation_time
520,25.789215308140463,0.0
620,47.25042347241744,5.0039613246917725
720,47.25042347241744,4.968074560165405
820,47.25042347241744,5.2068188190460205
920,47.25042347241744,5.132632493972778
1020,47.25042347241744,5.631205081939697
1120,47.25042347241744,5.402700662612915
1220,47.25042347241744,5.747156381607056
1320,47.82415494237173,5.80893874168396
1420,47.82415494237173,6.321191310882568
1520,47.82415494237173,5.724804878234863
