cost,incumbents,operation_time
520,99.58423767612435,0.0
620,47.82314794164228,5.814850330352783
720,47.82314794164228,3.63136625289917
820,47.82314794164228,5.792288064956665
920,47.82314794164228,4.652391672134399
1020,47.82314794164228,6.412003993988037
1120,47.82314794164228,6.976679801940918
1220,47.82314794164228,7.730159044265747
1320,47.82314794164228,7.105131387710571
1420,47.82314794164228,8.712848424911499
1520,47.82314794164228,8.7359938621521
