cost,incumbents,operation_time
520,83.40372711336876,0.0
620,50.227342926743944,5.202502012252808
720,50.227342926743944,8.086875677108765
820,50.227342926743944,4.953739166259766
920,50.227342926743944,6.751640558242798
1020,50.227342926743944,6.362351179122925
1120,50.227342926743944,6.466829538345337
1220,50.227342926743944,6.355889797210693
1320,50.227342926743944,7.026334524154663
1420,50.227342926743944,6.774944067001343
1520,50.227342926743944,6.648175239562988
