cost,incumbents,operation_time
520,89.5538263645734,0.0
620,46.51426696167424,6.317818880081177
720,47.820527426998225,6.354533910751343
820,47.820527426998225,4.14416766166687
920,47.820527426998225,4.4624855518341064
1020,47.820527426998225,4.167267322540283
1120,47.820527426998225,4.1272292137146
1220,47.820527426998225,6.188066720962524
1320,47.820527426998225,6.08712363243103
1420,47.820527426998225,5.90159010887146
1520,47.820527426998225,5.7950217723846436
