cost,incumbents,operation_time
520,32.215347930836074,0.0
620,37.4820607799948,3.264997959136963
720,37.4820607799948,3.3390727043151855
820,37.4820607799948,3.316309928894043
920,37.4820607799948,3.2535669803619385
1020,46.51271403716615,4.924220561981201
1120,47.822175495296044,5.02722692489624
1220,47.822175495296044,3.2559962272644043
1320,47.822175495296044,3.2999279499053955
1420,47.822175495296044,3.35343861579895
1520,47.822175495296044,3.338904619216919
