cost,incumbents,operation_time
520,99.58423767612435,0.0
530,44.89863415544143,3.2756221294403076
540,44.89863415544143,3.074583053588867
550,44.89863415544143,3.0511231422424316
560,44.89863415544143,3.0199267864227295
570,44.89863415544143,2.9969255924224854
580,44.89863415544143,2.9229977130889893
590,44.89863415544143,2.963284969329834
600,44.89863415544143,3.362797975540161
610,44.89863415544143,3.1521389484405518
620,44.89863415544143,3.016940116882324
