cost,incumbents,operation_time
520,83.40372711336876,0.0
530,50.227342926743944,3.118445634841919
540,50.227342926743944,3.0394678115844727
550,50.227342926743944,3.0961415767669678
560,50.227342926743944,3.0461859703063965
570,50.227342926743944,3.0131449699401855
580,50.227342926743944,3.099905252456665
590,50.227342926743944,3.1358156204223633
600,50.227342926743944,2.9858739376068115
610,50.227342926743944,3.0743179321289062
620,50.227342926743944,3.0373001098632812
