cost,incumbents,operation_time
520,38.187838109884964,0.0
530,42.7335311037652,1.8463218212127686
540,42.7335311037652,1.9080145359039307
550,42.7335311037652,1.8733258247375488
560,42.7335311037652,1.9249224662780762
570,42.7335311037652,1.9248621463775635
580,42.7335311037652,1.9540812969207764
590,42.7335311037652,1.9116380214691162
600,42.7335311037652,1.9113664627075195
610,42.7335311037652,1.8912670612335205
620,42.7335311037652,1.9476306438446045
