cost,incumbents,operation_time
520,39.29574398744654,0.0
530,41.85586240312912,1.6680066585540771
540,41.85586240312912,1.711622714996338
550,41.85586240312912,1.6956913471221924
560,41.85586240312912,1.6639420986175537
570,41.85586240312912,1.7150652408599854
580,41.85586240312912,1.6675539016723633
590,41.85586240312912,1.6957910060882568
600,41.85586240312912,1.6730213165283203
610,41.85586240312912,1.6936924457550049
620,41.85586240312912,1.7050714492797852
