cost,incumbents,operation_time
520,99.31423273773743,0.0
530,45.7082402738153,2.2980377674102783
540,45.7082402738153,2.260648727416992
550,45.7082402738153,2.2479686737060547
560,45.7082402738153,2.245849132537842
570,45.7082402738153,2.3968122005462646
580,45.7082402738153,2.5447134971618652
590,45.7082402738153,2.5997912883758545
600,45.7082402738153,2.498023748397827
610,45.7082402738153,2.3469667434692383
620,45.7082402738153,2.422024965286255
