cost,incumbents,operation_time
520,32.215347930836074,0.0
530,35.38244364302223,1.9043564796447754
540,35.38244364302223,1.9235646724700928
550,35.38244364302223,1.9854042530059814
560,35.38244364302223,1.8866095542907715
570,35.38244364302223,2.026444911956787
580,35.38244364302223,1.926323413848877
590,35.38244364302223,1.810352087020874
600,35.38244364302223,1.754964828491211
610,35.38244364302223,1.6982872486114502
620,35.38244364302223,1.7280657291412354
