cost,incumbents,operation_time
520,98.73181538479778,0.0
530,39.2021416765769,3.0433828830718994
540,39.2021416765769,3.2996790409088135
550,39.2021416765769,3.2301907539367676
560,39.2021416765769,3.1171939373016357
570,39.2021416765769,3.0232622623443604
580,39.2021416765769,3.238232374191284
590,39.2021416765769,3.4157402515411377
600,39.2021416765769,3.763895034790039
610,39.2021416765769,4.274734735488892
620,39.2021416765769,3.662463665008545
