cost,incumbents,operation_time
520,24.077116816122754,0.0
530,50.5251307508571,1.7738590240478516
540,50.5251307508571,1.678858995437622
550,50.5251307508571,1.6746232509613037
560,50.5251307508571,1.6799936294555664
570,50.5251307508571,1.6911876201629639
580,50.5251307508571,1.671391248703003
590,50.5251307508571,1.8156187534332275
600,50.5251307508571,1.775036334991455
610,50.5251307508571,1.842033863067627
620,50.5251307508571,1.6704297065734863
