cost,incumbents,operation_time
520,25.789215308140463,0.0
530,39.849329720130406,1.9798552989959717
540,39.849329720130406,2.0343594551086426
550,39.849329720130406,1.9796342849731445
560,39.849329720130406,1.9146318435668945
570,39.849329720130406,1.9953010082244873
580,39.849329720130406,1.9229981899261475
590,39.849329720130406,1.951756477355957
600,39.849329720130406,1.8880794048309326
610,39.849329720130406,1.927851676940918
620,39.849329720130406,1.945173978805542
