cost,incumbents,operation_time
520,32.215347930836074,0.0
530,35.38244364302223,11.144276142120361
540,35.38244364302223,11.020230293273926
550,35.38244364302223,11.026499509811401
551,35.38244364302223,11.569449424743652
552,35.38244364302223,10.93465518951416
553,35.38244364302223,10.770062685012817
554,35.38244364302223,9.89244031906128
555,35.38244364302223,12.30946397781372
556,35.38244364302223,11.76159405708313
557,35.38244364302223,12.084525346755981
