cost,incumbents,operation_time
520,98.73181538479778,0.0
530,39.2021416765769,13.84442663192749
540,39.2021416765769,11.726142883300781
550,39.2021416765769,11.551998376846313
560,39.2021416765769,12.170734882354736
570,39.2021416765769,12.24309515953064
580,39.2021416765769,11.363464117050171
590,39.2021416765769,11.742459297180176
600,39.2021416765769,11.516871690750122
610,39.2021416765769,10.8129723072052
620,39.2021416765769,11.0044264793396
