cost,incumbents,operation_time
520,83.40372711336876,0.0
530,50.227342926743944,11.21974492073059
540,50.227342926743944,11.516935110092163
550,50.227342926743944,11.042065620422363
551,50.227342926743944,10.035295009613037
561,50.227342926743944,9.927681922912598
571,50.227342926743944,10.119136333465576
581,50.227342926743944,10.0380859375
591,50.227342926743944,10.082117080688477
601,50.227342926743944,11.640899181365967
611,50.227342926743944,13.025410413742065
