cost,incumbents,operation_time
520,38.187838109884964,0.0
530,42.7335311037652,2.4757187366485596
540,42.7335311037652,2.501038074493408
550,42.7335311037652,2.6994402408599854
560,42.7335311037652,2.7348837852478027
570,42.7335311037652,2.527038812637329
580,42.7335311037652,3.1298062801361084
590,42.7335311037652,2.874889850616455
600,42.7335311037652,2.8844497203826904
610,42.7335311037652,3.797619342803955
620,42.7335311037652,4.135040521621704
