cost,incumbents,operation_time
520,39.29574398744654,0.0
620,41.85586240312912,11.785573720932007
720,41.85586240312912,11.594647884368896
820,46.513149780137454,11.958536863327026
920,47.823306617224404,12.512403011322021
1020,47.823306617224404,7.370054244995117
1120,47.823306617224404,12.040817499160767
1220,47.823306617224404,7.572648048400879
1320,47.823306617224404,12.101120948791504
1420,47.823306617224404,11.056764841079712
1520,47.823306617224404,10.920976638793945
