cost,incumbents,operation_time
520,83.40372711336876,0.0
620,50.227342926743944,12.843321084976196
720,50.227342926743944,12.461602449417114
820,50.227342926743944,8.191786527633667
920,50.227342926743944,12.816589593887329
1020,50.227342926743944,11.980314254760742
1120,50.227342926743944,11.16502571105957
1220,50.227342926743944,10.402619123458862
1320,50.227342926743944,10.450357675552368
1420,50.227342926743944,10.19828200340271
1520,50.227342926743944,10.67473030090332
