cost,incumbents,operation_time
520,89.5538263645734,0.0
530,34.17253390122876,10.76824426651001
540,34.17253390122876,10.623405694961548
550,34.17253390122876,11.067631721496582
551,34.17253390122876,11.531187295913696
552,34.17253390122876,11.633444786071777
553,34.17253390122876,11.479174137115479
554,34.17253390122876,11.822264909744263
555,34.17253390122876,12.01114821434021
556,34.17253390122876,12.611676692962646
557,34.17253390122876,12.819924116134644
