cost,incumbents,operation_time
520,24.077116816122754,0.0
530,50.5251307508571,3.667435646057129
540,50.5251307508571,4.396102666854858
550,50.5251307508571,3.98258113861084
560,50.5251307508571,3.0305428504943848
570,50.5251307508571,3.0227723121643066
580,50.5251307508571,3.2955641746520996
590,50.5251307508571,2.878196954727173
600,50.5251307508571,2.9418704509735107
610,50.5251307508571,2.958034038543701
620,50.5251307508571,2.964984655380249
