cost,incumbents,operation_time
520,38.187838109884964,0.0
620,42.7335311037652,12.177059412002563
720,42.7335311037652,11.233022451400757
820,42.7335311037652,6.701589345932007
920,42.7335311037652,11.031877756118774
1020,42.7335311037652,6.6184632778167725
1120,46.511472366825615,10.589907884597778
1220,47.8209555369082,11.162959814071655
1320,47.8209555369082,7.178805351257324
1420,47.8209555369082,11.633391380310059
1520,47.8209555369082,7.34756875038147
