cost,incumbents,operation_time
520,99.31423273773743,0.0
530,45.7082402738153,4.512631416320801
540,45.7082402738153,5.918807029724121
550,45.7082402738153,4.666212320327759
560,45.7082402738153,4.881273508071899
570,45.7082402738153,4.0086588859558105
580,45.7082402738153,4.097293138504028
590,45.7082402738153,3.9183897972106934
600,45.7082402738153,3.521669864654541
610,45.7082402738153,3.980330467224121
620,45.7082402738153,3.465780735015869
