cost,incumbents,operation_time
520,24.077116816122754,0.0
530,50.5251307508571,11.86640477180481
531,50.5251307508571,12.500706434249878
541,50.5251307508571,11.995745420455933
551,50.5251307508571,12.886533975601196
561,50.5251307508571,17.356393575668335
571,50.5251307508571,13.828957557678223
581,50.5251307508571,12.156020402908325
591,50.5251307508571,12.172207593917847
601,50.5251307508571,11.359831094741821
611,50.5251307508571,11.39131784439087
