cost,incumbents,operation_time
520,98.73181538479778,0.0
530,39.2021416765769,3.1839816570281982
540,39.2021416765769,3.272329807281494
550,39.2021416765769,3.574338436126709
560,39.2021416765769,3.452038049697876
570,39.2021416765769,3.463021993637085
580,39.2021416765769,3.3762335777282715
590,39.2021416765769,3.407726764678955
600,39.2021416765769,3.250138521194458
610,39.2021416765769,3.15688419342041
620,39.2021416765769,3.378782272338867
