cost,incumbents,operation_time
520,39.29574398744654,0.0
530,41.85586240312912,3.0441997051239014
540,41.85586240312912,3.260308265686035
550,41.85586240312912,3.1697065830230713
560,41.85586240312912,3.2739107608795166
570,41.85586240312912,3.5596601963043213
580,41.85586240312912,3.6218156814575195
590,41.85586240312912,3.335757255554199
600,41.85586240312912,3.435210704803467
610,41.85586240312912,3.487442970275879
620,41.85586240312912,3.606501817703247
