cost,incumbents,operation_time
520,25.789215308140463,0.0
530,39.849329720130406,3.564908504486084
540,39.849329720130406,2.4989168643951416
550,39.849329720130406,2.495877981185913
560,39.849329720130406,2.449831247329712
570,39.849329720130406,2.4310357570648193
580,39.849329720130406,2.545081853866577
590,39.849329720130406,2.435814619064331
600,39.849329720130406,2.5769293308258057
610,39.849329720130406,2.469046115875244
620,39.849329720130406,2.443107843399048
