cost,incumbents,operation_time
520,89.5538263645734,0.0
620,46.51282267480246,10.301284551620483
720,47.820339008989606,11.076903820037842
820,47.820339008989606,10.487683534622192
920,47.820339008989606,11.112873554229736
1020,47.820339008989606,8.060951471328735
1120,47.820339008989606,12.092061281204224
1220,47.820339008989606,11.80978274345398
1320,47.820339008989606,11.449637413024902
1420,47.820339008989606,11.282693862915039
1520,47.820339008989606,10.79804253578186
