cost,incumbents,operation_time
520,83.40372711336876,0.0
530,50.227342926743944,2.927506685256958
540,50.227342926743944,3.098781108856201
550,50.227342926743944,3.485517740249634
560,50.227342926743944,3.129030466079712
570,50.227342926743944,3.2601871490478516
580,50.227342926743944,3.4558982849121094
590,50.227342926743944,3.153968572616577
600,50.227342926743944,3.0375492572784424
610,50.227342926743944,3.1306025981903076
620,50.227342926743944,3.1487772464752197
