cost,incumbents,operation_time
520,25.789215308140463,0.0
530,39.849329720130406,10.257068872451782
531,39.849329720130406,10.487226247787476
541,39.849329720130406,10.835971117019653
551,39.849329720130406,10.8009192943573
561,39.849329720130406,11.335550308227539
571,39.849329720130406,12.60850477218628
581,39.849329720130406,11.31271243095398
591,39.849329720130406,11.915154695510864
601,39.849329720130406,11.64211893081665
611,39.849329720130406,12.411824464797974
