cost,incumbents,operation_time
520,99.58423767612435,0.0
530,44.89863415544143,12.21210765838623
540,44.89863415544143,11.479748964309692
550,44.89863415544143,9.99329400062561
560,44.89863415544143,10.554654359817505
570,44.89863415544143,10.100095510482788
580,44.89863415544143,10.050804376602173
590,44.89863415544143,10.41322922706604
600,44.89863415544143,11.476845502853394
610,44.89863415544143,10.865736484527588
620,44.89863415544143,11.707391262054443
