cost,incumbents,operation_time
520,99.31423273773743,0.0
620,45.7082402738153,6.801232814788818
720,46.51196868752036,10.701886892318726
820,47.82137891113281,10.879126071929932
920,47.82137891113281,6.619943618774414
1020,47.82137891113281,10.751729488372803
1120,47.82137891113281,7.090203762054443
1220,47.82137891113281,7.186798095703125
1320,47.82137891113281,11.76159143447876
1420,47.82137891113281,11.337453603744507
1520,47.82137891113281,10.671722888946533
