cost,incumbents,operation_time
520,99.58423767612435,0.0
620,47.82268891109439,10.437103986740112
720,47.82268891109439,10.254873752593994
820,47.82268891109439,10.77825665473938
920,47.82268891109439,6.509827613830566
1020,47.82268891109439,10.975300312042236
1120,47.82268891109439,11.779748678207397
1220,47.82268891109439,13.030590772628784
1320,47.82268891109439,11.853461027145386
1420,47.82268891109439,12.613874912261963
1520,47.82268891109439,11.943341732025146
