cost,incumbents,operation_time
520,38.187838109884964,0.0
530,42.7335311037652,11.816561698913574
531,42.7335311037652,12.5804603099823
541,42.7335311037652,10.925840616226196
551,42.7335311037652,10.233166217803955
561,42.7335311037652,9.733902215957642
571,42.7335311037652,9.60074257850647
581,42.7335311037652,9.568903923034668
591,42.7335311037652,10.140920877456665
601,42.7335311037652,10.254547834396362
611,42.7335311037652,10.83734941482544
