cost,incumbents,operation_time
520,38.187838109884964,0.0
530,42.7335311037652,1.9109575748443604
540,42.7335311037652,1.882152795791626
550,42.7335311037652,1.8838107585906982
560,42.7335311037652,1.8475100994110107
570,42.7335311037652,1.828334093093872
580,42.7335311037652,2.211742877960205
590,42.7335311037652,1.9159045219421387
600,42.7335311037652,1.8418879508972168
610,42.7335311037652,1.950972557067871
620,42.7335311037652,1.9698436260223389
