cost,incumbents,operation_time
520,99.58423767612435,0.0
521,44.89863415544143,6.6249775886535645
522,44.89863415544143,6.74492621421814
523,44.89863415544143,6.6071696281433105
533,44.89863415544143,6.704660892486572
534,44.89863415544143,7.410939931869507
535,44.89863415544143,6.808570623397827
536,44.89863415544143,6.485348701477051
546,44.89863415544143,5.864404916763306
547,44.89863415544143,5.611847162246704
548,44.89863415544143,5.515463352203369
