cost,incumbents,operation_time
520,98.73181538479778,0.0
530,39.2021416765769,6.261644601821899
531,39.2021416765769,6.818549633026123
532,39.2021416765769,6.538646936416626
533,39.2021416765769,6.465151309967041
534,39.2021416765769,6.482877731323242
535,39.2021416765769,6.671344757080078
536,39.2021416765769,6.672595500946045
537,39.2021416765769,6.800323724746704
538,39.2021416765769,6.402828216552734
539,39.2021416765769,6.037801742553711
