cost,incumbents,operation_time
520,32.215347930836074,0.0
620,37.5536390311535,3.8191497325897217
720,37.5536390311535,4.260438919067383
820,37.5536390311535,3.948460102081299
920,37.5536390311535,4.087157964706421
1020,46.512712772909666,5.775130033493042
1120,47.822175407509434,6.018454313278198
1220,47.822175407509434,4.065625190734863
1320,47.822175407509434,3.9390459060668945
1420,47.822175407509434,4.019707679748535
1520,47.822175407509434,4.082308053970337
