cost,incumbents,operation_time
520,89.5538263645734,0.0
530,34.17253390122876,1.654348373413086
540,34.17253390122876,1.6810216903686523
550,34.17253390122876,1.615767478942871
560,34.17253390122876,1.791914463043213
570,34.17253390122876,1.6077101230621338
580,34.17253390122876,1.6039340496063232
590,34.17253390122876,1.5809063911437988
600,34.17253390122876,1.6333074569702148
610,34.17253390122876,1.6622252464294434
620,34.17253390122876,1.787799596786499
