cost,incumbents,operation_time
520,25.789215308140463,0.0
530,39.849329720130406,1.8031063079833984
540,39.849329720130406,1.776806354522705
550,39.849329720130406,1.8109753131866455
560,39.849329720130406,1.8110558986663818
570,39.849329720130406,1.7791917324066162
580,39.849329720130406,1.7878620624542236
590,39.849329720130406,1.7340948581695557
600,39.849329720130406,1.8548200130462646
610,39.849329720130406,1.9081361293792725
620,39.849329720130406,1.8682186603546143
