cost,incumbents,operation_time
520,99.31423273773743,0.0
530,45.7082402738153,5.520932912826538
531,45.7082402738153,5.429120779037476
532,45.7082402738153,5.436826705932617
542,45.7082402738153,5.3778228759765625
552,45.7082402738153,5.628885746002197
562,45.7082402738153,5.842144012451172
572,45.7082402738153,5.501042127609253
582,45.7082402738153,5.639478445053101
592,45.7082402738153,5.562363624572754
602,45.7082402738153,6.448519468307495
