cost,incumbents,operation_time
520,25.789215308140463,0.0
620,47.25052708833103,6.078428506851196
720,47.25052708833103,6.150148630142212
820,47.25052708833103,6.127018690109253
920,47.25052708833103,6.104418754577637
1020,47.25052708833103,6.201825380325317
1120,47.25052708833103,5.976438760757446
1220,47.25052708833103,5.921452760696411
1320,47.82312823027151,5.593748569488525
1420,47.82312823027151,5.7058329582214355
1520,47.82312823027151,5.315000057220459
