cost,incumbents,operation_time
520,83.40372711336876,0.0
521,50.227342926743944,6.3002495765686035
522,50.227342926743944,5.79822564125061
532,50.227342926743944,5.956187725067139
533,50.227342926743944,5.627105236053467
534,50.227342926743944,5.5303614139556885
535,50.227342926743944,5.699395418167114
545,50.227342926743944,5.83237624168396
546,50.227342926743944,6.617604970932007
556,50.227342926743944,6.3130388259887695
566,50.227342926743944,6.302995920181274
