cost,incumbents,operation_time
520,99.31423273773743,0.0
530,45.7082402738153,2.0688087940216064
540,45.7082402738153,1.8902766704559326
550,45.7082402738153,1.7967851161956787
560,45.7082402738153,1.740678310394287
570,45.7082402738153,1.7775647640228271
580,45.7082402738153,1.7311139106750488
590,45.7082402738153,1.704075813293457
600,45.7082402738153,1.6670103073120117
610,45.7082402738153,1.6799287796020508
620,45.7082402738153,1.793337345123291
