cost,incumbents,operation_time
520,39.29574398744654,0.0
530,41.85586240312912,1.8233792781829834
540,41.85586240312912,1.8959226608276367
550,41.85586240312912,2.082293748855591
560,41.85586240312912,2.134489059448242
570,41.85586240312912,1.9563581943511963
580,41.85586240312912,2.0074708461761475
590,41.85586240312912,1.9293992519378662
600,41.85586240312912,1.9114995002746582
610,41.85586240312912,1.9328351020812988
620,41.85586240312912,1.8787190914154053
