cost,incumbents,operation_time
520,99.58423767612435,0.0
620,47.823420555938945,5.874675035476685
720,47.823420555938945,3.522271156311035
820,47.823420555938945,5.345531225204468
920,47.823420555938945,3.58781099319458
1020,47.823420555938945,5.344097852706909
1120,47.823420555938945,5.34203314781189
1220,47.823420555938945,5.541568756103516
1320,47.823420555938945,5.134591817855835
1420,47.823420555938945,5.307464838027954
1520,47.823420555938945,5.694060802459717
