cost,incumbents,operation_time
520,98.73181538479778,0.0
620,39.2021416765769,3.997379779815674
720,39.2021416765769,3.945244789123535
820,39.2021416765769,6.029305696487427
920,39.548615966786706,6.066215991973877
1020,39.548615966786706,6.491986274719238
1120,39.548615966786706,6.823898553848267
1220,45.27763767890035,6.077451944351196
1320,45.27763767890035,6.0645763874053955
1420,45.27763767890035,5.764450311660767
1520,45.27763767890035,6.324493885040283
