cost,incumbents,operation_time
520,83.40372711336876,0.0
530,50.227342926743944,1.8382794857025146
540,50.227342926743944,1.817939281463623
550,50.227342926743944,1.7584054470062256
560,50.227342926743944,1.9835758209228516
570,50.227342926743944,1.8291840553283691
580,50.227342926743944,2.058631181716919
590,50.227342926743944,1.946237325668335
600,50.227342926743944,1.9859132766723633
610,50.227342926743944,1.9508607387542725
620,50.227342926743944,1.855133295059204
