cost,incumbents,operation_time
520,99.31423273773743,0.0
620,45.7082402738153,3.9073286056518555
720,46.50992597049277,5.982011079788208
820,47.82073833790109,5.913584232330322
920,47.82073833790109,3.9118521213531494
1020,47.82073833790109,3.905696153640747
1120,47.82073833790109,3.7753357887268066
1220,47.82073833790109,3.795269727706909
1320,47.82073833790109,6.71903920173645
1420,47.82073833790109,5.988897085189819
1520,47.82073833790109,5.984736204147339
