cost,incumbents,operation_time
520,89.5538263645734,0.0
521,34.17253390122876,6.282026052474976
522,34.17253390122876,6.21719765663147
532,34.17253390122876,6.131490707397461
542,34.17253390122876,6.599202394485474
552,34.17253390122876,6.866858243942261
562,34.17253390122876,6.72757625579834
572,34.17253390122876,7.167047500610352
582,34.17253390122876,6.94558310508728
583,34.17253390122876,6.484931230545044
593,34.17253390122876,6.735880374908447
