cost,incumbents,operation_time
520,25.789215308140463,0.0
521,39.849329720130406,5.03796911239624
522,39.849329720130406,4.986644268035889
532,39.849329720130406,5.160687208175659
533,39.849329720130406,5.097532749176025
534,39.849329720130406,5.0229270458221436
544,39.849329720130406,5.06179141998291
545,39.849329720130406,5.0180277824401855
546,39.849329720130406,5.023153305053711
556,39.849329720130406,5.03445839881897
557,39.849329720130406,5.052211046218872
