cost,incumbents,operation_time
520,39.29574398744654,0.0
521,41.85586240312912,5.106531620025635
522,41.85586240312912,6.123462200164795
523,41.85586240312912,6.2466747760772705
524,41.85586240312912,6.404225826263428
534,41.85586240312912,6.596192836761475
535,41.85586240312912,7.844264507293701
536,41.85586240312912,7.171061992645264
546,41.85586240312912,7.39929461479187
547,41.85586240312912,6.192022323608398
548,41.85586240312912,6.003663778305054
