cost,incumbents,operation_time
520,98.73181538479778,0.0
530,39.2021416765769,1.9007985591888428
540,39.2021416765769,2.0422756671905518
550,39.2021416765769,2.0339624881744385
560,39.2021416765769,2.125225782394409
570,39.2021416765769,1.8768513202667236
580,39.2021416765769,1.8450427055358887
590,39.2021416765769,2.0470211505889893
600,39.2021416765769,2.4653191566467285
610,39.2021416765769,2.6017141342163086
620,39.2021416765769,2.0766491889953613
