cost,incumbents,operation_time
520,38.187838109884964,0.0
620,42.7335311037652,5.378910303115845
720,42.7335311037652,5.375878572463989
820,42.7335311037652,3.582087993621826
920,42.7335311037652,4.990983247756958
1020,42.7335311037652,3.4705092906951904
1120,46.511141976955926,5.274149179458618
1220,47.82027358594286,5.382088899612427
1320,47.82027358594286,3.672499895095825
1420,47.82027358594286,5.530727863311768
1520,47.82027358594286,4.090301990509033
