cost,incumbents,operation_time
520,38.187838109884964,0.0
521,42.7335311037652,4.990517854690552
531,42.7335311037652,5.3617262840271
541,42.7335311037652,5.069747447967529
551,42.7335311037652,5.0661187171936035
561,42.7335311037652,5.027072191238403
571,42.7335311037652,5.243952751159668
581,42.7335311037652,5.0288145542144775
591,42.7335311037652,5.008537530899048
592,42.7335311037652,5.133986949920654
602,42.7335311037652,5.177287817001343
