cost,incumbents,operation_time
520,83.40372711336876,0.0
620,50.227342926743944,5.6255271434783936
720,50.227342926743944,5.812174320220947
820,50.227342926743944,3.8500664234161377
920,50.227342926743944,6.698897838592529
1020,50.227342926743944,5.9127514362335205
1120,50.227342926743944,5.993096590042114
1220,50.227342926743944,6.09595251083374
1320,50.227342926743944,8.0580735206604
1420,50.227342926743944,7.515949726104736
1520,50.227342926743944,6.372207403182983
