cost,incumbents,operation_time
520,32.215347930836074,0.0
530,35.38244364302223,1.9305901527404785
540,35.38244364302223,1.826857089996338
550,35.38244364302223,1.7620387077331543
560,35.38244364302223,1.7712500095367432
570,35.38244364302223,2.0640878677368164
580,35.38244364302223,1.8996036052703857
590,35.38244364302223,1.8434109687805176
600,35.38244364302223,1.7765238285064697
610,35.38244364302223,1.8369288444519043
620,35.38244364302223,1.8336617946624756
