cost,incumbents,operation_time
520,99.58423767612435,0.0
530,44.89863415544143,1.8056635856628418
540,44.89863415544143,1.8354973793029785
550,44.89863415544143,1.7037360668182373
560,44.89863415544143,1.7110989093780518
570,44.89863415544143,1.6563763618469238
580,44.89863415544143,1.668945074081421
590,44.89863415544143,1.787660837173462
600,44.89863415544143,1.759902000427246
610,44.89863415544143,1.7512454986572266
620,44.89863415544143,1.7599537372589111
