cost,incumbents,operation_time
520,39.29574398744654,0.0
620,41.85586240312912,4.5102903842926025
720,41.85586240312912,4.486112117767334
820,46.51848290374289,6.0427727699279785
920,47.83009961655329,5.910952568054199
1020,47.83009961655329,3.667234420776367
1120,47.83009961655329,3.5107455253601074
1220,47.83009961655329,3.5387935638427734
1320,47.83009961655329,3.4729676246643066
1420,47.83009961655329,3.5512473583221436
1520,47.83009961655329,4.826275110244751
