cost,incumbents,operation_time
120,1.0159432312112349,0.0
121,1.4137988068997502,5.507034063339233
122,1.4137988068997502,5.268415927886963
132,1.4137988068997502,4.801299571990967
142,1.4137988068997502,4.922855615615845
143,1.4137988068997502,4.998672962188721
144,1.4137988068997502,5.2112627029418945
154,1.4137988068997502,5.287428855895996
164,1.4137988068997502,5.864110231399536
165,1.4137988068997502,5.494223117828369
175,1.4137988068997502,5.015271186828613
