cost,incumbents,operation_time
120,-0.678021705313649,0.0
121,1.4131446369252703,4.843914985656738
122,1.4131446369252703,5.107767105102539
123,1.4131446369252703,5.52965784072876
124,1.4131446369252703,4.877725124359131
134,1.4131446369252703,5.058706045150757
135,1.4131446369252703,4.703770160675049
136,1.4131446369252703,8.6044340133667
137,1.4131446369252703,6.064539909362793
138,1.4131446369252703,5.916983366012573
139,1.4131446369252703,6.472491979598999
