cost,incumbents,operation_time
120,0.34495593269318625,0.0
121,1.4141855398047856,5.159705638885498
122,1.4141855398047856,6.168827295303345
123,1.4141855398047856,5.445581436157227
124,1.4141855398047856,5.657604217529297
125,1.4141855398047856,4.778862237930298
126,1.4141855398047856,5.162588119506836
136,1.4141855398047856,5.351183891296387
146,1.4141855398047856,7.330851793289185
156,1.4141855398047856,8.07682204246521
157,1.4141855398047856,6.747924566268921
