cost,incumbents,operation_time
120,0.05492648717447779,0.0
121,1.2887768800618522,5.82884955406189
122,1.2887768800618522,5.6742682456970215
123,1.2887768800618522,4.779573440551758
124,1.2887768800618522,4.940521478652954
134,1.3608200550079346,5.8142313957214355
144,1.380056619644165,5.4273247718811035
154,1.4015858173370361,5.721358060836792
164,1.4015858173370361,5.590580940246582
165,1.4015858173370361,5.450074672698975
166,1.4015858173370361,5.607919692993164
