cost,incumbents,operation_time
120,0.6597575643774894,0.0
130,1.356106088715939,4.296216011047363
131,1.356106088715939,4.327745199203491
141,1.356106088715939,4.551212310791016
151,1.356106088715939,4.242267847061157
161,1.356106088715939,4.287763833999634
171,1.356106088715939,4.440042972564697
172,1.356106088715939,4.350487232208252
182,1.356106088715939,4.587409257888794
192,1.356106088715939,4.497772216796875
193,1.356106088715939,4.771817207336426
