cost,incumbents,operation_time
120,-0.678021705313649,0.0
130,1.4131446369252703,5.163411378860474
140,1.4131446369252703,5.051501274108887
150,1.4131446369252703,4.155787229537964
160,1.4131446369252703,4.773345947265625
170,1.4131446369252703,4.861522197723389
180,1.4131446369252703,4.388089179992676
190,1.4131446369252703,4.853384971618652
200,1.4131446369252703,4.499167203903198
210,1.4131446369252703,4.746912956237793
220,1.4131446369252703,5.408933877944946
