cost,incumbents,operation_time
120,0.34495593269318625,0.0
130,1.4141855398047856,4.040754079818726
140,1.4141855398047856,3.9633636474609375
150,1.4141855398047856,4.113105058670044
160,1.4141855398047856,3.934279441833496
170,1.4141855398047856,4.050036907196045
180,1.4141855398047856,4.057388544082642
190,1.4141855398047856,3.831233263015747
200,1.4141855398047856,4.068844318389893
210,1.4141855398047856,3.751411199569702
220,1.4141855398047856,3.6238465309143066
