cost,incumbents,operation_time
120,0.6597575643774894,0.0
130,1.356106088715939,4.195974111557007
140,1.3615518551287904,4.172988414764404
150,1.4092883165337562,4.2033703327178955
160,1.4092883165337562,4.4495744705200195
170,1.4092883165337562,4.359684705734253
180,1.4092883165337562,4.449809312820435
190,1.4092883165337562,4.213194370269775
200,1.4092883165337562,4.505788564682007
210,1.4092883165337562,4.619318008422852
220,1.4092883165337562,5.04963755607605
