cost,incumbents,operation_time
120,1.0159432312112349,0.0
130,1.4137988068997502,4.033950328826904
140,1.4137988068997502,4.29883885383606
150,1.4137988068997502,4.159705400466919
160,1.4137988068997502,4.07440185546875
170,1.4137988068997502,3.9872868061065674
180,1.4137988068997502,4.171498537063599
190,1.4137988068997502,4.029962539672852
200,1.4137988068997502,4.145312786102295
210,1.4137988068997502,4.004135608673096
220,1.4137988068997502,4.0161895751953125
