cost,incumbents,operation_time
120,0.05492648717447779,0.0
130,1.4093015479398385,4.796380519866943
140,1.4093015479398385,4.476239442825317
150,1.4093015479398385,4.126804828643799
160,1.4093015479398385,5.538166761398315
170,1.4093015479398385,4.380613803863525
180,1.4093015479398385,4.374730348587036
190,1.4093015479398385,4.221966743469238
200,1.4093015479398385,3.962766647338867
210,1.4093015479398385,4.08000111579895
220,1.4093015479398385,4.054516077041626
