cost,incumbents,operation_time
120,1.0159432312112349,0.0
130,1.4137988068997502,1.9560191631317139
140,1.4137988068997502,1.401494026184082
150,1.4137988068997502,1.456404447555542
160,1.4137988068997502,1.5277564525604248
170,1.4137988068997502,1.7069201469421387
180,1.4137988068997502,1.6545195579528809
190,1.4137988068997502,1.5252113342285156
200,1.4137988068997502,1.6447179317474365
210,1.4137988068997502,1.4655725955963135
220,1.4137988068997502,1.4613776206970215
