cost,incumbents,operation_time
120,0.05492648717447779,0.0
130,1.2887768800618522,1.3417749404907227
140,1.2887768800618522,1.4087059497833252
150,1.2887768800618522,1.4553163051605225
160,1.2887768800618522,1.732008457183838
170,1.2887768800618522,1.7901878356933594
180,1.2887768800618522,1.730849266052246
190,1.2887768800618522,1.4953804016113281
200,1.2887768800618522,1.4841649532318115
210,1.4077153958499666,1.5268423557281494
220,1.4077153958499666,1.4447104930877686
