cost,incumbents,operation_time
120,0.34495593269318625,0.0
130,1.4141855398047856,1.6494078636169434
140,1.4141855398047856,1.6465873718261719
150,1.4141855398047856,1.5207157135009766
160,1.4141855398047856,2.4539589881896973
170,1.4141855398047856,1.7216360569000244
180,1.4141855398047856,1.9558322429656982
190,1.4141855398047856,1.4510622024536133
200,1.4141855398047856,1.4532718658447266
210,1.4141855398047856,1.426682949066162
220,1.4141855398047856,1.4802491664886475
