cost,incumbents,operation_time
120,-0.678021705313649,0.0
130,1.4131446369252703,1.4561996459960938
140,1.4131446369252703,1.4992001056671143
150,1.4131446369252703,1.5009357929229736
160,1.4131446369252703,1.7201051712036133
170,1.4131446369252703,1.816835880279541
180,1.4131446369252703,1.6822364330291748
190,1.4131446369252703,1.4837851524353027
200,1.4131446369252703,1.5538411140441895
210,1.4131446369252703,1.4831793308258057
220,1.4131446369252703,1.643106460571289
