cost,incumbents,operation_time
120,0.6597575643774894,0.0
130,1.356106088715939,1.670440912246704
140,1.356106088715939,1.4638731479644775
150,1.356106088715939,1.7788982391357422
160,1.356106088715939,1.576115608215332
170,1.356106088715939,1.4112865924835205
180,1.356106088715939,1.9863345623016357
190,1.356106088715939,1.8306434154510498
200,1.356106088715939,1.718156337738037
210,1.356106088715939,1.6907026767730713
220,1.356106088715939,1.4774739742279053
