cost,incumbents,operation_time
120,0.05492648717447779,0.0
121,1.2887768800618522,11.7508544921875
122,1.2887768800618522,12.537025213241577
123,1.2887768800618522,12.426910638809204
124,1.2887768800618522,12.025779247283936
125,1.2887768800618522,11.122148752212524
126,1.2887768800618522,12.07869291305542
127,1.2887768800618522,13.125730991363525
128,1.2887768800618522,12.831897735595703
129,1.2887768800618522,11.876776456832886
130,1.2887768800618522,12.910321950912476
