cost,incumbents,operation_time
120,0.6597575643774894,0.0
121,1.356106088715939,12.529397010803223
122,1.356106088715939,13.352526903152466
123,1.356106088715939,12.29889178276062
124,1.356106088715939,12.775143146514893
125,1.356106088715939,12.406551837921143
126,1.356106088715939,11.437084436416626
127,1.356106088715939,11.049957275390625
128,1.356106088715939,11.363189935684204
129,1.356106088715939,10.707004070281982
130,1.356106088715939,12.094243288040161
