cost,incumbents,operation_time
120,0.05492648717447779,0.0
130,1.2887768800618522,3.965165138244629
140,1.2887768800618522,3.1610965728759766
150,1.2887768800618522,3.539870262145996
160,1.2887768800618522,3.1449954509735107
170,1.2887768800618522,3.194812774658203
180,1.2887768800618522,3.2833242416381836
190,1.2887768800618522,3.353268623352051
200,1.2887768800618522,3.365647315979004
210,1.4077153958499666,3.2370641231536865
220,1.413170425133425,3.36297869682312
