cost,incumbents,operation_time
120,1.0159432312112349,0.0
130,1.4137988068997502,8.416237592697144
140,1.4137988068997502,8.552797794342041
150,1.4137988068997502,9.302443027496338
160,1.4137988068997502,9.911351442337036
170,1.4137988068997502,10.344496011734009
180,1.4137988068997502,10.274726152420044
190,1.4137988068997502,10.158898115158081
200,1.4137988068997502,10.427133321762085
210,1.4137988068997502,9.546524286270142
220,1.4137988068997502,10.352945327758789
