cost,incumbents,operation_time
120,0.34495593269318625,0.0
130,1.4141855398047856,3.405524492263794
140,1.4141855398047856,3.403873920440674
150,1.4141855398047856,3.8797550201416016
160,1.4141855398047856,3.573990821838379
170,1.4141855398047856,3.258425235748291
180,1.4141855398047856,4.150749444961548
190,1.4141855398047856,3.2746148109436035
200,1.4141855398047856,3.020540475845337
210,1.4141855398047856,3.5839405059814453
220,1.4141855398047856,3.427596092224121
