cost,incumbents,operation_time
120,-0.678021705313649,0.0
130,1.4131446369252703,3.4087908267974854
140,1.4131446369252703,3.4515929222106934
150,1.4131446369252703,3.182648181915283
160,1.4131446369252703,3.2359418869018555
170,1.4131446369252703,3.374628782272339
180,1.4131446369252703,3.7016382217407227
190,1.4131446369252703,3.5672707557678223
200,1.4131446369252703,3.2967493534088135
210,1.4131446369252703,3.215733289718628
220,1.4131446369252703,3.5635132789611816
