cost,incumbents,operation_time
120,1.0159432312112349,0.0
121,1.4137988068997502,12.350190162658691
122,1.4137988068997502,11.040271043777466
123,1.4137988068997502,11.671456813812256
124,1.4137988068997502,12.351113080978394
125,1.4137988068997502,12.12129020690918
126,1.4137988068997502,11.477433919906616
127,1.4137988068997502,15.68059492111206
128,1.4137988068997502,16.750137090682983
129,1.4137988068997502,11.997798919677734
130,1.4137988068997502,11.64748239517212
