cost,incumbents,operation_time
120,0.34495593269318625,0.0
121,1.4141855398047856,11.542932748794556
122,1.4141855398047856,11.446277379989624
123,1.4141855398047856,11.890285015106201
124,1.4141855398047856,11.250507593154907
125,1.4141855398047856,10.453943967819214
126,1.4141855398047856,11.910441875457764
127,1.4141855398047856,12.004793882369995
128,1.4141855398047856,12.071401357650757
129,1.4141855398047856,11.139587879180908
130,1.4141855398047856,11.416155338287354
