cost,incumbents,operation_time
120,1.0159432312112349,0.0
130,1.4137988068997502,3.643115758895874
140,1.4137988068997502,3.264928102493286
150,1.4137988068997502,3.354273557662964
160,1.4137988068997502,3.5688209533691406
170,1.4137988068997502,3.343151092529297
180,1.4137988068997502,3.75587797164917
190,1.4137988068997502,2.9526615142822266
200,1.4137988068997502,3.2108192443847656
210,1.4137988068997502,3.1720001697540283
220,1.4137988068997502,3.220717430114746
