cost,incumbents,operation_time
120,0.34495593269318625,0.0
130,1.4141855398047856,10.137152194976807
140,1.4141855398047856,10.183025360107422
150,1.4141855398047856,9.389880895614624
160,1.4141855398047856,9.946121215820312
170,1.4141855398047856,10.539180755615234
180,1.4141855398047856,10.372915744781494
190,1.4141855398047856,11.008835792541504
200,1.4141855398047856,10.20901870727539
210,1.4141855398047856,10.299465894699097
220,1.4141855398047856,10.371186017990112
