cost,incumbents,operation_time
120,0.6597575643774894,0.0
130,1.356106088715939,5.269171237945557
140,1.356106088715939,3.4120736122131348
150,1.4063636552146064,3.48408579826355
160,1.4063636552146064,3.7390928268432617
170,1.4063636552146064,3.32946515083313
180,1.4063636552146064,3.471907615661621
190,1.4063636552146064,3.558717727661133
200,1.4063636552146064,3.763796091079712
210,1.4063636552146064,3.6359164714813232
220,1.4063636552146064,3.329803228378296
