cost,incumbents,operation_time
120,0.05492648717447779,0.0
130,1.402421415261292,10.031122922897339
140,1.402421415261292,9.91903567314148
150,1.402421415261292,9.558575868606567
160,1.402421415261292,9.824527263641357
170,1.402421415261292,9.621511459350586
180,1.402421415261292,9.79196047782898
190,1.402421415261292,9.888939619064331
200,1.402421415261292,10.141079187393188
210,1.402421415261292,10.388112783432007
220,1.402421415261292,9.32291579246521
