cost,incumbents,operation_time
120,-0.678021705313649,0.0
121,1.4131446369252703,12.328792572021484
122,1.4131446369252703,11.333890676498413
123,1.4131446369252703,12.03333830833435
124,1.4131446369252703,12.523469924926758
125,1.4131446369252703,11.91852331161499
126,1.4131446369252703,11.987268686294556
127,1.4131446369252703,11.91419506072998
128,1.4131446369252703,11.171552896499634
129,1.4131446369252703,10.651938676834106
130,1.4131446369252703,11.052993535995483
