cost,incumbents,operation_time
120,0.6597575643774894,0.0
130,1.356106088715939,10.350260972976685
140,1.3615662360595913,10.330487489700317
150,1.4092412525376967,9.968605756759644
160,1.4092412525376967,8.984061241149902
170,1.4092412525376967,9.699605464935303
180,1.4092412525376967,9.145665884017944
190,1.4092412525376967,8.906843423843384
200,1.4092412525376967,8.964163064956665
210,1.4092412525376967,9.172367095947266
220,1.4092412525376967,9.741226196289062
