cost,incumbents,operation_time
120,-0.678021705313649,0.0
130,1.4131446369252703,9.715632915496826
140,1.4131446369252703,10.199772834777832
150,1.4131446369252703,10.032963037490845
160,1.4131446369252703,10.643136978149414
170,1.4131446369252703,10.601771593093872
180,1.4131446369252703,10.223997592926025
190,1.4131446369252703,10.158682346343994
200,1.4131446369252703,9.047708749771118
210,1.4131446369252703,9.90880036354065
220,1.4131446369252703,9.99251103401184
