cost,incumbents,operation_time
120,1.0159432312112349,0.0
130,1.4137988068997502,4.976849794387817
131,1.4137988068997502,5.483481168746948
141,1.4137988068997502,5.234221458435059
142,1.4137988068997502,5.193082571029663
143,1.4137988068997502,4.920357942581177
144,1.4137988068997502,5.331528186798096
154,1.4137988068997502,5.537498235702515
155,1.4137988068997502,5.372274160385132
165,1.4137988068997502,5.280743837356567
175,1.4137988068997502,5.1667702198028564
