cost,incumbents,operation_time
120,0.05492648717447779,0.0
121,1.2887768800618522,5.33198094367981
131,1.2887768800618522,5.341974258422852
132,1.2887768800618522,4.763367176055908
142,1.2887768800618522,5.2000510692596436
152,1.3608200550079346,5.74192476272583
162,1.3608200550079346,6.083896636962891
172,1.3608200550079346,5.986941337585449
182,1.3608200550079346,5.591803789138794
183,1.3608200550079346,5.595551013946533
184,1.3608200550079346,5.760300874710083
