cost,incumbents,operation_time
120,1.0159432312112349,0.0
130,1.4137988068997502,6.299259901046753
140,1.4137988068997502,7.125451326370239
150,1.4137988068997502,6.597036361694336
160,1.4137988068997502,5.978079795837402
170,1.4137988068997502,6.124785900115967
180,1.4137988068997502,6.270831108093262
190,1.4137988068997502,6.350009918212891
200,1.4137988068997502,6.476640462875366
210,1.4137988068997502,5.86069917678833
220,1.4137988068997502,6.183544635772705
