cost,incumbents,operation_time
120,-0.678021705313649,0.0
130,1.4131446369252703,5.591472387313843
140,1.4131446369252703,6.048289775848389
150,1.4131446369252703,5.711756229400635
160,1.4131446369252703,5.2891480922698975
170,1.4131446369252703,5.313764810562134
180,1.4131446369252703,5.111464977264404
190,1.4131446369252703,5.051070213317871
200,1.4131446369252703,5.3122782707214355
210,1.4131446369252703,5.146560430526733
220,1.4131446369252703,5.089808464050293
