cost,incumbents,operation_time
120,-0.678021705313649,0.0
121,1.4131446369252703,4.9986772537231445
122,1.4131446369252703,5.186345815658569
123,1.4131446369252703,5.414529323577881
133,1.4131446369252703,5.727302312850952
143,1.4131446369252703,4.740157842636108
153,1.4131446369252703,4.791771650314331
163,1.4131446369252703,4.848968505859375
173,1.4131446369252703,5.7673866748809814
174,1.4131446369252703,5.128564834594727
184,1.4131446369252703,4.9596452713012695
