cost,incumbents,operation_time
120,0.05492648717447779,0.0
130,1.2887768800618522,2.265721559524536
140,1.4063636552146064,2.1644558906555176
150,1.4063636552146064,2.10247540473938
160,1.4063636552146064,1.974832534790039
170,1.4063636552146064,2.241283893585205
180,1.4063636552146064,2.2315783500671387
190,1.4063636552146064,2.336836576461792
200,1.4063636552146064,2.2632968425750732
210,1.4063636552146064,3.124847173690796
220,1.4077153958499666,3.0300776958465576
