cost,incumbents,operation_time
120,0.34495593269318625,0.0
130,1.4141855398047856,1.8971257209777832
140,1.4141855398047856,2.255614995956421
150,1.4141855398047856,2.246312379837036
160,1.4141855398047856,2.134847402572632
170,1.4141855398047856,2.444248676300049
180,1.4141855398047856,2.4987030029296875
190,1.4141855398047856,2.06140398979187
200,1.4141855398047856,1.8186290264129639
210,1.4141855398047856,1.8831250667572021
220,1.4141855398047856,2.075251817703247
