cost,incumbents,operation_time
120,0.6597575643774894,0.0
130,1.356106088715939,5.323758840560913
131,1.356106088715939,5.085046291351318
132,1.356106088715939,4.809619426727295
133,1.356106088715939,5.263273477554321
143,1.356106088715939,5.63531494140625
153,1.356106088715939,4.565121173858643
154,1.356106088715939,5.3231706619262695
164,1.356106088715939,5.289116382598877
165,1.356106088715939,5.283802032470703
166,1.356106088715939,5.311192274093628
