cost,incumbents,operation_time
120,0.6597575643774894,0.0
130,1.356106088715939,2.2019288539886475
140,1.356106088715939,2.030980348587036
150,1.356106088715939,2.2539830207824707
160,1.4063636552146064,2.782186985015869
170,1.4063636552146064,2.4150848388671875
180,1.4063636552146064,2.1837611198425293
190,1.4063636552146064,1.8714327812194824
200,1.4063636552146064,2.2873425483703613
210,1.4063636552146064,2.5809524059295654
220,1.4063636552146064,2.045760154724121
