cost,incumbents,operation_time
120,0.34495593269318625,0.0
130,1.4141855398047856,6.3080034255981445
140,1.4141855398047856,6.377559661865234
150,1.4141855398047856,6.291952848434448
160,1.4141855398047856,6.17394757270813
170,1.4141855398047856,5.746240139007568
180,1.4141855398047856,6.601153373718262
190,1.4141855398047856,5.947485446929932
200,1.4141855398047856,6.246438026428223
210,1.4141855398047856,6.028705596923828
220,1.4141855398047856,6.003710985183716
