cost,incumbents,operation_time
120,0.6597575643774894,0.0
130,1.356106088715939,6.930649757385254
140,1.3569677421226514,5.8168110847473145
150,1.4070331710422863,5.5759992599487305
160,1.4070331710422863,5.468407869338989
170,1.4070331710422863,5.734124660491943
180,1.4070331710422863,5.1869354248046875
190,1.4070331710422863,5.198986291885376
200,1.4070331710422863,5.175866365432739
210,1.4070331710422863,5.03895902633667
220,1.4070331710422863,5.556318521499634
