cost,incumbents,operation_time
120,0.34495593269318625,0.0
121,1.4141855398047856,5.529116868972778
122,1.4141855398047856,5.16515040397644
132,1.4141855398047856,5.353931665420532
142,1.4141855398047856,5.781997442245483
152,1.4141855398047856,5.22251558303833
162,1.4141855398047856,5.943568468093872
163,1.4141855398047856,5.834275245666504
173,1.4141855398047856,5.136052131652832
183,1.4141855398047856,4.748310089111328
184,1.4141855398047856,5.028869152069092
