cost,incumbents,operation_time
120,0.05492648717447779,0.0
130,1.2887768800618522,5.2179882526397705
140,1.2887768800618522,6.316470623016357
150,1.2887768800618522,6.119857311248779
160,1.2887768800618522,5.561036825180054
170,1.4126470309863741,5.420116662979126
180,1.4126470309863741,6.637204647064209
190,1.4126470309863741,6.888355731964111
200,1.4126470309863741,6.942129850387573
210,1.4126470309863741,5.983160734176636
220,1.4126470309863741,5.984470844268799
