cost,incumbents,operation_time
120,1.0159432312112349,0.0
130,1.4137988068997502,3.101902723312378
140,1.4137988068997502,2.642082691192627
150,1.4137988068997502,2.5467591285705566
160,1.4137988068997502,2.6280810832977295
170,1.4137988068997502,3.211181402206421
180,1.4137988068997502,2.9690239429473877
190,1.4137988068997502,3.6871728897094727
200,1.4137988068997502,2.5492656230926514
210,1.4137988068997502,2.298243522644043
220,1.4137988068997502,2.2793660163879395
