cost,incumbents,operation_time
120,-0.678021705313649,0.0
130,1.4131446369252703,2.0722944736480713
140,1.4131446369252703,2.39587140083313
150,1.4131446369252703,2.535489559173584
160,1.4131446369252703,2.308107614517212
170,1.4131446369252703,1.7251949310302734
180,1.4131446369252703,1.73764967918396
190,1.4131446369252703,1.9183118343353271
200,1.4131446369252703,2.5666568279266357
210,1.4131446369252703,2.64279842376709
220,1.4131446369252703,2.253016233444214
