cost,incumbents,operation_time
59,-0.42812347412109375,2.584812641143799
60,-0.42812347412109375,2.8957600593566895
65,-0.42812347412109375,2.7879178524017334
67,-0.42812347412109375,2.6768062114715576
69,-0.42812347412109375,3.1762471199035645
70,-0.42812347412109375,2.912080764770508
71,-0.42812347412109375,2.8918442726135254
74,-0.42812347412109375,3.144448757171631
78,-0.42812347412109375,3.0761055946350098
81,-0.42812347412109375,3.539616107940674
