cost,incumbents,operation_time
521,38.00187661147386,4.852496147155762
545,38.00187661147386,4.236055850982666
549,38.00187661147386,3.7190332412719727
553,38.00187661147386,4.632982492446899
556,38.00187661147386,4.447038412094116
557,38.00187661147386,4.321388244628906
566,38.00187661147386,4.205515623092651
575,38.00187661147386,4.224016189575195
576,38.00187661147386,4.188037633895874
590,38.00187661147386,4.000113248825073
