cost,incumbents,operation_time
522,48.77824790901173,4.184611797332764
523,48.77824790901173,4.025337219238281
547,48.77824790901173,4.130333423614502
551,48.77824790901173,4.3231189250946045
555,48.77824790901173,4.1642515659332275
558,48.77824790901173,4.098407983779907
559,48.77824790901173,4.183065414428711
568,48.77824790901173,4.723104476928711
577,48.77824790901173,4.491679668426514
578,48.77824790901173,4.831187963485718
