cost,incumbents,operation_time
59,-10.596358299255371,3.6220476627349854
66,-6.299184799194336,4.315211057662964
68,-6.299184799194336,3.7210628986358643
70,-6.299184799194336,3.9171035289764404
72,-6.299184799194336,3.879969358444214
73,-6.299184799194336,3.9278862476348877
76,-6.299184799194336,3.678752899169922
80,-6.299184799194336,3.714860439300537
83,-6.299184799194336,3.9221434593200684
87,-6.299184799194336,4.275484800338745
