cost,incumbents,operation_time
71,-1.8976221084594727,2.5878829956054688
72,-1.8976221084594727,2.018312454223633
73,-1.8976221084594727,2.035773515701294
74,-1.8976221084594727,2.466792583465576
75,-1.8976221084594727,2.1843597888946533
76,-1.8976221084594727,2.484415054321289
78,-1.8976221084594727,2.881455421447754
79,-1.8976221084594727,2.2088348865509033
80,-1.8976221084594727,2.403210163116455
81,-1.8976221084594727,2.2846693992614746
