cost,incumbents,operation_time
521,35.223596559535224,5.411307096481323
522,35.223596559535224,3.412977695465088
523,35.223596559535224,3.4278769493103027
524,35.223596559535224,3.0383338928222656
525,35.223596559535224,3.703862190246582
526,35.223596559535224,3.2432119846343994
527,35.223596559535224,3.5465683937072754
528,35.223596559535224,3.418616533279419
529,35.223596559535224,3.31942081451416
531,35.223596559535224,3.4228317737579346
