cost,incumbents,operation_time
521,-12.149285736273299,2.6337406635284424
522,-12.149285736273299,2.6704893112182617
523,-12.149285736273299,2.557154893875122
524,-12.149285736273299,2.6519792079925537
525,-12.149285736273299,2.7250754833221436
526,-12.149285736273299,2.547816753387451
527,-12.149285736273299,2.667501449584961
528,-12.149285736273299,2.8327200412750244
529,-12.149285736273299,2.747196674346924
530,-12.149285736273299,2.824040174484253
