cost,incumbents,operation_time
56,-5.338829040527344,1.7346456050872803
57,-5.338829040527344,1.87852144241333
58,-5.338829040527344,1.7091634273529053
59,-5.338829040527344,1.864438533782959
60,-5.338829040527344,1.7346625328063965
61,-5.338829040527344,1.8785297870635986
62,-5.338829040527344,1.78603196144104
63,-5.338829040527344,1.9528007507324219
64,-5.338829040527344,1.9641826152801514
65,-5.338829040527344,2.0733962059020996
