cost,incumbents,operation_time
521,-16.454278024408396,2.9483466148376465
522,-16.454278024408396,1.9519917964935303
523,-16.454278024408396,1.9948232173919678
524,-16.454278024408396,2.170905828475952
525,-16.454278024408396,2.1141579151153564
526,-16.454278024408396,2.1772708892822266
527,-16.454278024408396,2.2925775051116943
528,-16.454278024408396,2.151093006134033
529,-16.454278024408396,2.1995670795440674
530,-16.454278024408396,2.3298144340515137
