cost,incumbents,operation_time
69,-1.8130121231079102,1.605858325958252
70,-1.8130121231079102,1.6221866607666016
71,-1.8130121231079102,1.5948543548583984
72,-1.8130121231079102,1.5905461311340332
73,-1.8130121231079102,1.5986096858978271
74,-1.8130121231079102,1.6096501350402832
75,-1.8130121231079102,1.530632495880127
76,-1.8130121231079102,1.6448173522949219
77,-1.8130121231079102,1.6941864490509033
78,-1.8130121231079102,1.706573247909546
