cost,incumbents,operation_time
524,38.64473912143269,4.544241428375244
528,38.64473912143269,4.931838512420654
530,38.64473912143269,4.594670534133911
531,38.64473912143269,4.758047580718994
555,38.64473912143269,4.493497371673584
559,38.64473912143269,4.6657187938690186
564,38.64473912143269,4.828531265258789
567,38.64473912143269,5.285856246948242
568,38.64473912143269,4.391607284545898
577,38.64473912143269,4.212359428405762
