cost,incumbents,operation_time
70,-1.3576221466064453,2.2516746520996094
72,-1.3576221466064453,2.310824155807495
73,-1.3576221466064453,2.216674327850342
74,-1.3576221466064453,2.276028871536255
79,-1.3576221466064453,2.2409613132476807
82,-1.3576221466064453,2.2403149604797363
84,-1.3576221466064453,2.2793290615081787
86,-1.3576221466064453,2.3291702270507812
87,-1.3576221466064453,2.256129741668701
90,-1.3576221466064453,2.4365882873535156
