cost,incumbents,operation_time
56,-5.338829040527344,3.0753114223480225
57,-5.338829040527344,2.7666492462158203
62,-5.338829040527344,2.942415714263916
66,-5.338829040527344,3.1292567253112793
67,-5.338829040527344,2.932626962661743
71,-5.338829040527344,3.0608601570129395
73,-5.338829040527344,3.1632466316223145
74,-5.338829040527344,3.2528891563415527
76,-5.338829040527344,3.82720685005188
77,-5.338829040527344,3.2506279945373535
