cost,incumbents,operation_time
54,-0.9058351516723633,2.2984371185302734
55,-0.9058351516723633,2.1675548553466797
56,-0.9058351516723633,2.0270626544952393
57,-0.9058351516723633,2.349043607711792
58,-0.9058351516723633,2.3219196796417236
59,-0.9058351516723633,2.262988567352295
60,-0.9058351516723633,2.3650169372558594
61,-0.9058351516723633,2.0769565105438232
62,-0.9058351516723633,2.290285110473633
63,-0.9058351516723633,2.162114143371582
