cost,incumbents,operation_time
521,38.64473912143269,3.298215627670288
523,38.64473912143269,4.042418003082275
524,38.64473912143269,4.439427375793457
525,38.64473912143269,4.022151231765747
526,38.64473912143269,3.4001669883728027
527,38.64473912143269,3.5627872943878174
528,38.64473912143269,3.104861259460449
529,38.64473912143269,3.2948408126831055
531,38.64473912143269,2.9294424057006836
532,38.64473912143269,2.8177568912506104
