cost,incumbents,operation_time
71,-1.8976221084594727,3.4179441928863525
74,-1.8976221084594727,3.2417802810668945
78,-1.8976221084594727,3.4219605922698975
82,-1.8976221084594727,3.7798233032226562
87,-1.8976221084594727,3.606553554534912
89,-1.8976221084594727,3.083212375640869
90,-1.8976221084594727,3.1662707328796387
92,-1.8976221084594727,3.207720994949341
93,-1.8976221084594727,3.2251224517822266
94,-1.8976221084594727,3.109614372253418
