cost,incumbents,operation_time
73,-2.2454171180725098,1.9728496074676514
74,-2.2454171180725098,1.9242305755615234
75,-2.2454171180725098,1.9983186721801758
76,-2.2454171180725098,1.9471778869628906
77,-2.2454171180725098,2.048070192337036
78,-2.2454171180725098,1.95013427734375
79,-2.2454171180725098,1.8504393100738525
80,-2.2454171180725098,1.9287927150726318
81,-2.2454171180725098,1.911865472793579
82,-2.2454171180725098,1.776174783706665
