cost,incumbents,operation_time
527,-16.454278024408396,3.6130847930908203
532,-16.454278024408396,2.6179347038269043
538,-16.454278024408396,2.979954957962036
540,-16.454278024408396,3.281066417694092
542,-16.454278024408396,3.3311312198638916
566,-16.454278024408396,3.9937891960144043
571,-16.454278024408396,3.807833433151245
577,-16.454278024408396,3.857959032058716
580,-16.454278024408396,3.3500277996063232
581,-16.454278024408396,3.440058469772339
