cost,incumbents,operation_time
521,48.77824790901173,3.0996897220611572
522,48.77824790901173,3.0747616291046143
523,48.77824790901173,3.6343469619750977
524,48.77824790901173,3.045943260192871
525,48.77824790901173,2.8956542015075684
526,48.77824790901173,3.1654579639434814
527,48.77824790901173,2.9700076580047607
528,48.77824790901173,3.0034358501434326
529,48.77824790901173,2.9480135440826416
530,48.77824790901173,3.0321903228759766
