cost,incumbents,operation_time
521,26.986517265839115,3.1477723121643066
522,26.986517265839115,2.95918607711792
523,26.986517265839115,2.915254831314087
524,26.986517265839115,3.3522117137908936
525,26.986517265839115,2.8618052005767822
526,26.986517265839115,3.2036569118499756
527,26.986517265839115,3.084322929382324
528,26.986517265839115,3.9719960689544678
529,26.986517265839115,3.433256149291992
530,26.986517265839115,3.0769259929656982
