{
  "incumbent_ids": [
    4
  ],
  "rejected_config_ids": [
    1,
    2,
    3,
    5,
    6,
    7,
    8,
    9,
    10,
    11,
    12,
    13,
    14,
    15,
    16,
    17,
    18,
    19,
    20,
    21,
    22,
    23,
    24,
    25,
    26,
    27,
    28
  ],
  "incumbents_changed": 4,
  "trajectory": [
    {
      "config_ids": [
        1
      ],
      "costs": [
        0.71164470911026
      ],
      "trial": 1,
      "walltime": 0.008522510528564453
    },
    {
      "config_ids": [
        2
      ],
      "costs": [
        0.7063085436820984
      ],
      "trial": 2,
      "walltime": 0.01472163200378418
    },
    {
      "config_ids": [
        3
      ],
      "costs": [
        0.21440540254116058
      ],
      "trial": 3,
      "walltime": 0.021036386489868164
    },
    {
      "config_ids": [
        4
      ],
      "costs": [
        -0.6166073679924011
      ],
      "trial": 4,
      "walltime": 0.027101755142211914
    }
  ],
  "state": {
    "queue": [
      [
        28,
        1
      ]
    ]
  }
}