cost,SR,IR,rmse,r2,max_value,operation_time
50.0,261.8406349923749,344.662263280328,76.49783885570378,0.6070173934929151,347.4239524099689,0.0
51.0,256.7433132849404,369.50394912913566,210.88716498111586,-1.9865878484027695,352.5212741174033,1.877859115600586
