cost,SR,IR,rmse,r2,max_value,operation_time
50.0,145.88771311517468,430.16386548933247,105.33381492392907,0.2549067590262776,463.3768742871691,0.0
56.0,145.88771311517468,445.43600381403724,109.82047992746638,0.1900808432416955,463.3768742871691,1.5903723239898682
57.0,138.42073030752806,-1313441.5625597236,545317.5820038066,-19969811.96801743,470.8438570948157,1.5477478504180908
