cost,SR,IR,rmse,r2,max_value,operation_time
50.0,263.29560845724694,399.0063692044722,102.969471668277,0.28798037251144815,345.9689789450968,0
