cost,SR,IR,rmse,r2,max_value,operation_time
50.0,371.52403754947755,562.2462442030313,152.67924692378656,-0.5654349117350681,237.7405498528662,0.0
51.0,258.76501962195886,344.9129309704897,139.62197170559324,-0.3091292611462839,350.4995677803849,1.8487229347229004
55.0,258.76501962195886,323.69025495258444,133.92864366596612,-0.20454197339369506,350.4995677803849,1.7680742740631104
62.0,258.76501962195886,385.3695360545861,113.10074386055584,0.14097477034836248,350.4995677803849,1.7390415668487549
