cost,SR,IR,rmse,r2,max_value,operation_time
50.0,212.2386480014103,402.6559483519898,111.88613759010873,0.15932610738991604,397.02593940093345,0.0
55.0,212.2386480014103,374.20082934666993,112.04509309309636,0.15693573683036144,397.02593940093345,1.7427818775177002
61.0,212.2386480014103,-65.68722162434824,334.0138079203544,-6.492104702285146,397.02593940093345,1.7695963382720947
62.0,212.2386480014103,-80547.44370874937,30471.61901818429,-62353.24948286435,397.02593940093345,1.7403199672698975
