cost,SR,IR,rmse,r2,max_value,operation_time
50.0,300.9907321757994,299.8142346352263,69.88669159206543,0.6720074645675218,308.27385522654436,0.0
56.0,300.9907321757994,280.34501871433014,71.49875125383656,0.6567014964605375,308.27385522654436,1.683584213256836
