cost,SR,IR,rmse,r2,max_value,operation_time
50.0,307.8180268034889,304.69998578974156,79.94069060384781,0.5708483483452576,301.44656059885483,0.0
56.0,307.8180268034889,347.1103896487219,92.95374717577937,0.4197584822619592,301.44656059885483,1.9714534282684326
58.0,-125.19749342170064,-263.4054352910764,417.59747024861775,-10.710911929702208,734.4620808240444,1.9319705963134766
64.0,-125.19749342170064,283.6763001924322,146.827303304905,-0.4477335588270337,734.4620808240444,1.9365391731262207
65.0,-125.19749342170064,-63276285.04236835,23451340.06360317,-36932637673.27748,734.4620808240444,1.9406137466430664
