cost,SR,IR,rmse,r2,max_value,operation_time
50.0,218.80781899894885,316.6639762446477,85.69017850774466,0.5068976278062971,390.4567684033949,0.0
53.0,218.80781899894885,219.97043086732594,74.47841094709216,0.6274918312294643,390.4567684033949,1.7484192848205566
