cost,SR,IR,rmse,r2,max_value,operation_time
50.0,220.1055017101034,458.55595318391624,106.28480664089486,0.2413920838421003,389.15908569224035,0.0
55.0,220.1055017101034,208.8216143676808,135.52255236126572,-0.23338352045575572,389.15908569224035,1.734757423400879
56.0,220.1055017101034,589.1902977467698,163.32349255617183,-0.791316447766051,389.15908569224035,1.7303063869476318
57.0,-50.9898013887522,376.15891737781817,148.8907015159013,-0.4887101487749903,660.254388791096,1.7242188453674316
63.0,-50.9898013887522,586.7161238064643,162.10217711439697,-0.7646260742134485,660.254388791096,1.7376635074615479
