cost,SR,IR,rmse,r2,max_value,operation_time
50.0,83.07609083116077,84.12044897603099,27.060291860443805,0.7027327175883492,160.9865007215736,0
