cost,SR,IR,rmse,r2,max_value,operation_time
50.0,1.0589791642547843,0.7373123740173564,0.6725874664647813,-1.1986500950378134,1.1155382288573983,0
