cost,SR,IR,rmse,r2,max_value,operation_time
50.0,0.92004989064255,1.2124185862205086,0.5581041882043447,-0.5138719495302622,1.2544675024696326,0
