cost,SR,IR,rmse,r2,max_value,operation_time
50.0,1.107837700421617,1.131205227759811,0.48596064529982336,-0.14778561881511898,1.0666796926905655,0
