cost,SR,IR,rmse,r2,max_value,operation_time
16.339850002884624,4.623255324093552,4.054972092961211,1.3521920456245786,0.6777697083458658,9.17550318268135,0
