cost,SR,IR,rmse,r2,max_value,operation_time
16.339850002884624,1.6123394461485905,1.0515871335024887,1.257183898292759,0.7214602183564263,12.186419060626312,0
