cost,incumbents,operation_time
120,2.965249729118223,0.0
121,8587.324524293947,7.476832151412964
122,8587.324524293947,8.435764074325562
123,8587.324524293947,8.717774152755737
124,8587.324524293947,8.240051746368408
125,8587.324524293947,8.223093509674072
126,8587.324524293947,8.857946872711182
136,8587.324524293947,8.75276494026184
137,8587.324524293947,8.945157527923584
138,8587.324524293947,8.04544711112976
139,8587.324524293947,8.021474838256836
