cost,incumbents,operation_time
120,2.0854258753940305,0.0
121,519.40112504303,7.246845960617065
122,519.40112504303,7.290767431259155
132,519.40112504303,7.24679970741272
142,519.40112504303,7.335787534713745
152,519.40112504303,7.471272706985474
153,519.40112504303,7.19354772567749
154,519.40112504303,7.397365570068359
155,519.40112504303,8.951029539108276
156,519.40112504303,8.036174535751343
157,519.40112504303,8.923274993896484
