cost,incumbents,operation_time
120,3.353044612203579,0.0
130,57.90627124867555,8.829543828964233
131,57.90627124867555,9.057062864303589
132,57.90627124867555,9.311455726623535
133,57.90627124867555,9.207006216049194
134,57.90627124867555,9.262231588363647
135,57.90627124867555,9.284797191619873
136,57.90627124867555,15.870384216308594
146,4075.197021484375,9.699415922164917
156,4075.197021484375,8.437325954437256
166,4075.197021484375,7.530339479446411
