cost,incumbents,operation_time
120,24451.116751816924,0.0
121,24451.116751816924,8.09713077545166
122,24451.116751816924,8.095391988754272
123,24451.116751816924,8.54311466217041
124,24451.116751816924,8.466154098510742
125,24451.116751816924,8.44464111328125
126,24451.116751816924,8.588568449020386
136,24451.116751816924,8.210431814193726
137,24451.116751816924,8.128560304641724
138,24451.116751816924,7.6918511390686035
148,24451.116751816924,7.564356327056885
