cost,incumbents,operation_time
120,2.6954432521454086,0.0
121,4221.992014502538,8.905807733535767
122,4221.992014502538,7.542819023132324
123,4221.992014502538,7.721341609954834
124,4221.992014502538,7.902344226837158
134,4221.992014502538,7.7069008350372314
144,4221.992014502538,9.613800048828125
154,4221.992014502538,7.208644866943359
155,4221.992014502538,9.232666254043579
165,4221.992014502538,8.042435884475708
166,4221.992014502538,9.035703659057617
