cost,incumbents,operation_time
120,24451.116751816924,0.0
130,24451.116751816924,4.126725912094116
140,24451.116751816924,6.263628244400024
150,24451.116751816924,5.96758508682251
160,24451.116751816924,6.211711883544922
170,24451.116751816924,6.3892600536346436
180,24451.116751816924,6.090386390686035
190,24451.116751816924,7.03617787361145
200,24451.116751816924,6.288535118103027
210,24451.116751816924,6.131657123565674
220,24451.116751816924,6.6963677406311035
