cost,incumbents,operation_time
120,3.353044612203579,0.0
130,57.90627124867555,4.400195121765137
140,57.90627124867555,4.171302795410156
150,57.90627124867555,4.622181415557861
160,57.90627124867555,4.050710678100586
170,57.90627124867555,4.427067518234253
180,57.90627124867555,4.31717848777771
190,57.90627124867555,6.481767177581787
200,57.90627124867555,6.41054105758667
210,57.90627124867555,4.297938346862793
220,57.90627124867555,4.446899890899658
