cost,incumbents,operation_time
120,2.965249729118223,0.0
130,8587.324524293947,4.7101030349731445
140,8587.324524293947,4.2969043254852295
150,8587.324524293947,6.470561265945435
160,8587.324524293947,6.46176290512085
170,8587.324524293947,5.814072370529175
180,8587.324524293947,6.084733963012695
190,8587.324524293947,5.63355827331543
200,8587.324524293947,5.542296886444092
210,8587.324524293947,5.438818454742432
220,8587.324524293947,8.225826740264893
