cost,incumbents,operation_time
120,2.6954432521454086,0.0
130,4221.992014502538,4.5264599323272705
140,4221.992014502538,4.107014894485474
150,4221.992014502538,5.891147613525391
160,4221.992014502538,6.125117063522339
170,4221.992014502538,6.047865867614746
180,4221.992014502538,5.754236698150635
190,4221.992014502538,5.888801574707031
200,4221.992014502538,6.053485870361328
210,4221.992014502538,6.070178508758545
220,4221.992014502538,6.042277574539185
