cost,incumbents,operation_time
120,2.0854258753940305,0.0
130,519.40112504303,4.416215896606445
140,519.40112504303,6.2465221881866455
150,519.40112504303,6.385389089584351
160,519.40112504303,5.457831144332886
170,519.40112504303,5.269219875335693
180,519.40112504303,5.802729606628418
190,519.40112504303,4.870723247528076
200,519.40112504303,5.432529449462891
210,519.40112504303,5.831462621688843
220,519.40112504303,5.680208206176758
