cost,incumbents,operation_time
120,24451.116751816924,0.0
130,24451.116751816924,2.4549825191497803
140,24451.116751816924,2.3151259422302246
150,24451.116751816924,2.305100440979004
160,24451.116751816924,2.248176097869873
170,24451.116751816924,2.2398386001586914
180,24451.116751816924,2.414444923400879
190,24451.116751816924,2.356677293777466
200,24451.116751816924,2.4780569076538086
210,24451.116751816924,2.105686664581299
220,24451.116751816924,2.171900987625122
