cost,incumbents,operation_time
120,3.353044612203579,0.0
130,57.90627124867555,2.0071370601654053
140,57.90627124867555,2.2554852962493896
150,57.90627124867555,2.2373709678649902
160,57.90627124867555,2.385563611984253
170,57.90627124867555,2.1486740112304688
180,57.90627124867555,2.485389232635498
190,57.90627124867555,2.4736125469207764
200,57.90627124867555,2.255019426345825
210,57.90627124867555,2.415994882583618
220,57.90627124867555,2.4172585010528564
