cost,incumbents,operation_time
120,2.6954432521454086,0.0
130,4221.992014502538,2.4043641090393066
140,4221.992014502538,2.3457343578338623
150,4221.992014502538,2.4827311038970947
160,4221.992014502538,2.712298631668091
170,4221.992014502538,2.4739534854888916
180,4221.992014502538,2.2114148139953613
190,4221.992014502538,2.292876958847046
200,4221.992014502538,2.1426010131835938
210,4221.992014502538,2.4708120822906494
220,4221.992014502538,2.6912405490875244
