cost,incumbents,operation_time
120,2.0854258753940305,0.0
130,519.40112504303,2.635361909866333
140,519.40112504303,2.4081714153289795
150,519.40112504303,2.3177318572998047
160,519.40112504303,2.3568549156188965
170,519.40112504303,2.602240800857544
180,519.40112504303,2.214622974395752
190,519.40112504303,2.279759645462036
200,519.40112504303,2.1584208011627197
210,519.40112504303,2.2010960578918457
220,519.40112504303,2.243757963180542
