cost,incumbents,operation_time
120,2.965249729118223,0.0
130,8587.324524293947,2.1489179134368896
140,8587.324524293947,2.1653380393981934
150,8587.324524293947,1.9394373893737793
160,8587.324524293947,2.1687991619110107
170,8587.324524293947,2.060404062271118
180,8587.324524293947,2.135951280593872
190,8587.324524293947,1.9750196933746338
200,8587.324524293947,2.207892894744873
210,8587.324524293947,2.3085029125213623
220,8587.324524293947,2.29573655128479
