cost,incumbents,operation_time
120,2.0854258753940305,0.0
130,519.40112504303,4.947397708892822
140,519.40112504303,7.207316875457764
150,519.40112504303,7.7062668800354
160,519.40112504303,7.528121471405029
170,519.40112504303,7.356626987457275
180,519.40112504303,8.715916633605957
190,519.40112504303,8.441080570220947
200,519.40112504303,8.846208095550537
210,519.40112504303,9.034009218215942
220,519.40112504303,9.684788227081299
