cost,incumbents,operation_time
120,2.0854258753940305,0.0
121,519.40112504303,14.1307852268219
122,519.40112504303,11.094764232635498
123,519.40112504303,13.13394284248352
124,519.40112504303,11.970676898956299
125,519.40112504303,13.563650369644165
126,519.40112504303,13.056635856628418
127,519.40112504303,12.016467094421387
128,519.40112504303,11.739239692687988
129,519.40112504303,11.608524799346924
130,519.40112504303,11.53482699394226
