cost,incumbents,operation_time
120,2.6954432521454086,0.0
130,4221.992014502538,5.179075002670288
140,4221.992014502538,5.541799545288086
150,4221.992014502538,7.882998704910278
160,4221.992014502538,8.359997987747192
170,4221.992014502538,8.035369634628296
180,4221.992014502538,8.968731164932251
190,4221.992014502538,8.12143850326538
200,4221.992014502538,7.9182891845703125
210,4221.992014502538,7.840441703796387
220,4221.992014502538,8.25024938583374
