cost,incumbents,operation_time
120,2.965249729118223,0.0
130,8587.324524293947,6.772522687911987
140,8587.324524293947,6.8893256187438965
150,8587.324524293947,9.95530915260315
160,8587.324524293947,10.014543294906616
170,8587.324524293947,10.000176191329956
180,8587.324524293947,10.443803787231445
190,8587.324524293947,9.656842231750488
200,8587.324524293947,9.628219842910767
210,8587.324524293947,9.687344074249268
220,8587.324524293947,10.206752061843872
