cost,incumbents,operation_time
120,2.0854258753940305,0.0
130,519.40112504303,1.4531135559082031
140,519.40112504303,1.4740080833435059
150,519.40112504303,1.451453447341919
160,519.40112504303,1.5056633949279785
170,519.40112504303,1.5283164978027344
180,519.40112504303,1.5081255435943604
190,519.40112504303,1.4206130504608154
200,519.40112504303,1.4328606128692627
210,519.40112504303,1.5125360488891602
220,519.40112504303,1.4501054286956787
