cost,incumbents,operation_time
120,24451.116751816924,0.0
130,24451.116751816924,1.6537024974822998
140,24451.116751816924,1.7757372856140137
150,24451.116751816924,1.8048007488250732
160,24451.116751816924,1.939979076385498
170,24451.116751816924,1.7074835300445557
180,24451.116751816924,1.4913008213043213
190,24451.116751816924,2.013455390930176
200,24451.116751816924,2.0604093074798584
210,24451.116751816924,1.9451854228973389
220,24451.116751816924,2.041511058807373
