cost,incumbents,operation_time
120,2.965249729118223,0.0
130,8587.324524293947,1.8694169521331787
140,8587.324524293947,2.0780065059661865
150,8587.324524293947,2.1700384616851807
160,8587.324524293947,2.3329544067382812
170,8587.324524293947,2.1839094161987305
180,8587.324524293947,2.3544156551361084
190,8587.324524293947,1.89030122756958
200,8587.324524293947,1.9325335025787354
210,8587.324524293947,2.0029137134552
220,8587.324524293947,1.8211712837219238
