cost,incumbents,operation_time
120,3.353044612203579,0.0
130,57.90627124867555,2.6886327266693115
140,57.90627124867555,1.7473781108856201
150,57.90627124867555,1.7488653659820557
160,57.90627124867555,1.7177464962005615
170,57.90627124867555,1.4911744594573975
180,57.90627124867555,1.5810861587524414
190,57.90627124867555,1.6348505020141602
200,57.90627124867555,1.6622838973999023
210,57.90627124867555,1.5640649795532227
220,57.90627124867555,1.5955259799957275
