cost,incumbents,operation_time
120,2.965249729118223,0.0
121,8587.324524293947,14.091469049453735
122,8587.324524293947,14.10264253616333
123,8587.324524293947,12.838278770446777
124,8587.324524293947,13.779354333877563
125,8587.324524293947,14.3444082736969
126,8587.324524293947,12.847854137420654
127,8587.324524293947,12.043631792068481
128,8587.324524293947,11.298397064208984
129,8587.324524293947,12.610406160354614
130,8587.324524293947,11.539509057998657
