cost,incumbents,operation_time
120,24451.116751816924,0.0
130,24451.116751816924,13.347342491149902
131,24451.116751816924,14.244717359542847
132,24451.116751816924,14.584911823272705
133,24451.116751816924,11.617566347122192
134,24451.116751816924,11.726228952407837
135,24451.116751816924,11.756956577301025
136,24451.116751816924,11.559460878372192
137,24451.116751816924,11.706418991088867
138,24451.116751816924,13.343384265899658
139,24451.116751816924,12.252728462219238
