cost,incumbents,operation_time
120,2.6954432521454086,0.0
121,4221.992014502538,11.296039819717407
122,4221.992014502538,10.460694313049316
123,4221.992014502538,10.31477403640747
124,4221.992014502538,10.507573366165161
125,4221.992014502538,10.3720383644104
126,4221.992014502538,10.14819049835205
127,4221.992014502538,11.033928871154785
128,4221.992014502538,12.560412406921387
129,4221.992014502538,13.351632833480835
130,4221.992014502538,12.996665954589844
