cost,incumbents,operation_time
120,24451.116751816924,0.0
130,24451.116751816924,5.202246189117432
140,24451.116751816924,7.572722673416138
150,24451.116751816924,10.905380249023438
160,24451.116751816924,11.453287363052368
170,24451.116751816924,10.76392912864685
180,24451.116751816924,11.014023065567017
190,24451.116751816924,10.36884617805481
200,24451.116751816924,10.212172269821167
210,24451.116751816924,11.3040292263031
220,24451.116751816924,11.529629945755005
