cost,incumbents,operation_time
120,2.6954432521454086,0.0
130,4221.992014502538,1.469376802444458
140,4221.992014502538,1.563549280166626
150,4221.992014502538,1.5050463676452637
160,4221.992014502538,1.579226016998291
170,4221.992014502538,1.5897846221923828
180,4221.992014502538,1.4700164794921875
190,4221.992014502538,1.4844231605529785
200,4221.992014502538,1.4945263862609863
210,4221.992014502538,1.5764551162719727
220,4221.992014502538,1.4587321281433105
