cost,incumbents,operation_time
120,3.353044612203579,0.0
121,57.90627124867555,12.698812246322632
122,57.90627124867555,13.355465173721313
123,57.90627124867555,10.03994369506836
124,57.90627124867555,10.097900152206421
125,57.90627124867555,8.560551404953003
126,57.90627124867555,7.91843581199646
127,57.90627124867555,8.278123378753662
128,57.90627124867555,9.083796977996826
129,57.90627124867555,9.395286321640015
139,57.90627124867555,10.897945404052734
