cost,incumbents,operation_time
120,3.353044612203579,0.0
130,57.90627124867555,3.691206216812134
140,57.90627124867555,3.655176877975464
150,57.90627124867555,4.0946595668792725
160,57.90627124867555,3.9448390007019043
170,57.90627124867555,3.9661314487457275
180,57.90627124867555,4.014598846435547
190,57.90627124867555,5.989014625549316
200,57.90627124867555,6.157691240310669
210,57.90627124867555,4.235467195510864
220,57.90627124867555,4.226024389266968
