cost,incumbents,operation_time
120,2.965249729118223,0.0
130,8587.324524293947,3.909822940826416
140,8587.324524293947,3.6961565017700195
141,8587.324524293947,6.204743146896362
142,8587.324524293947,6.758552312850952
143,8587.324524293947,5.926461696624756
144,8587.324524293947,5.790586471557617
145,8587.324524293947,6.208741903305054
146,8587.324524293947,6.173996686935425
156,8587.324524293947,5.962775945663452
157,8587.324524293947,5.5306291580200195
