cost,incumbents,operation_time
120,2.0854258753940305,0.0
121,519.40112504303,8.056604146957397
131,519.40112504303,8.560169696807861
141,519.40112504303,7.0454394817352295
151,519.40112504303,7.450466156005859
161,519.40112504303,6.80026388168335
162,519.40112504303,7.318457365036011
172,519.40112504303,6.808292627334595
173,519.40112504303,7.123675346374512
174,519.40112504303,6.769347429275513
175,519.40112504303,7.763906955718994
