cost,incumbents,operation_time
120,2.0854258753940305,0.0
130,519.40112504303,3.916783094406128
131,519.40112504303,5.728514194488525
132,519.40112504303,6.118377923965454
133,519.40112504303,5.9788978099823
134,519.40112504303,5.765721321105957
135,519.40112504303,5.885045528411865
136,519.40112504303,5.618000507354736
137,519.40112504303,5.860576152801514
138,519.40112504303,5.82208251953125
139,519.40112504303,5.994526147842407
