cost,incumbents,operation_time
120,2.6954432521454086,0.0
121,4221.992014502538,7.851496696472168
122,4221.992014502538,7.999195337295532
123,4221.992014502538,6.219266653060913
133,4221.992014502538,7.074129581451416
143,4221.992014502538,7.049336910247803
153,4221.992014502538,6.887958288192749
163,4221.992014502538,8.323882102966309
164,4221.992014502538,8.106220245361328
174,4221.992014502538,7.810342073440552
175,4221.992014502538,7.672105073928833
