cost,incumbents,operation_time
120,24451.116751816924,0.0
130,24451.116751816924,2.0342371463775635
140,24451.116751816924,1.8570568561553955
150,24451.116751816924,1.9441492557525635
160,24451.116751816924,1.8174729347229004
170,24451.116751816924,1.942237138748169
180,24451.116751816924,2.1278574466705322
190,24451.116751816924,1.985870599746704
200,24451.116751816924,1.8799993991851807
210,24451.116751816924,1.834989070892334
220,24451.116751816924,1.981247901916504
