cost,incumbents,operation_time
120,2.965249729118223,0.0
130,8587.324524293947,1.910202980041504
140,8587.324524293947,1.8340394496917725
150,8587.324524293947,2.0219762325286865
160,8587.324524293947,1.987720251083374
170,8587.324524293947,2.2048227787017822
180,8587.324524293947,1.8584392070770264
190,8587.324524293947,1.9705512523651123
200,8587.324524293947,1.9209556579589844
210,8587.324524293947,1.9700992107391357
220,8587.324524293947,1.8354995250701904
