cost,incumbents,operation_time
120,3.353044612203579,0.0
130,57.90627124867555,2.4339659214019775
140,57.90627124867555,2.1034817695617676
150,57.90627124867555,1.9010984897613525
160,57.90627124867555,1.826078176498413
170,57.90627124867555,1.9119386672973633
180,57.90627124867555,2.0315985679626465
190,57.90627124867555,2.031102180480957
200,57.90627124867555,2.219728469848633
210,57.90627124867555,1.9815998077392578
220,57.90627124867555,2.4233086109161377
