cost,incumbents,operation_time
120,3.353044612203579,0.0
130,57.90627124867555,7.256377220153809
140,57.90627124867555,6.3840248584747314
150,57.90627124867555,6.920451879501343
160,57.90627124867555,7.61442756652832
161,57.90627124867555,6.676446437835693
171,57.90627124867555,6.645574569702148
172,57.90627124867555,6.690188884735107
182,4075.197021484375,6.828873157501221
183,4075.197021484375,7.684356451034546
184,4075.197021484375,6.754145860671997
