cost,incumbents,operation_time
120,3.353044612203579,0.0
130,57.90627124867555,3.7673416137695312
140,57.90627124867555,3.8215832710266113
150,57.90627124867555,3.5383059978485107
160,57.90627124867555,3.6665077209472656
161,57.90627124867555,3.653202772140503
162,57.90627124867555,3.6027817726135254
172,57.90627124867555,5.326717853546143
173,57.90627124867555,5.094476938247681
174,57.90627124867555,3.296417713165283
175,57.90627124867555,3.4352407455444336
