cost,incumbents,operation_time
120,24451.116751816924,0.0
121,24451.116751816924,7.408082008361816
122,24451.116751816924,7.466914892196655
123,24451.116751816924,6.917645692825317
124,24451.116751816924,8.217634201049805
125,24451.116751816924,8.127143144607544
126,24451.116751816924,7.630393028259277
136,24451.116751816924,7.253232955932617
137,24451.116751816924,7.344232559204102
138,24451.116751816924,7.233335733413696
148,24451.116751816924,7.717104196548462
