cost,incumbents,operation_time
120,2.6954432521454086,0.0
130,4221.992014502538,3.9377965927124023
140,4221.992014502538,3.73643159866333
150,4221.992014502538,3.885056972503662
160,4221.992014502538,5.923764705657959
170,4221.992014502538,5.8279643058776855
180,4221.992014502538,5.697450399398804
181,4221.992014502538,5.521809101104736
182,4221.992014502538,5.668195009231567
192,4221.992014502538,5.987320423126221
202,4221.992014502538,6.005732774734497
