cost,incumbents,operation_time
120,2.0854258753940305,0.0
130,519.40112504303,2.7362515926361084
140,519.40112504303,2.392392873764038
150,519.40112504303,2.319323778152466
160,519.40112504303,2.1587142944335938
170,519.40112504303,1.8110055923461914
180,519.40112504303,1.8357441425323486
190,519.40112504303,2.1546478271484375
200,519.40112504303,2.811673402786255
210,519.40112504303,2.0574934482574463
220,519.40112504303,1.9718546867370605
