cost,incumbents,operation_time
120,2.965249729118223,0.0
121,8587.324524293947,6.869207859039307
122,8587.324524293947,7.219308853149414
123,8587.324524293947,7.613785743713379
124,8587.324524293947,8.308216094970703
125,8587.324524293947,7.110246181488037
126,8587.324524293947,7.74880838394165
136,8587.324524293947,7.174901962280273
137,8587.324524293947,8.182431697845459
147,8587.324524293947,7.065483331680298
148,8587.324524293947,7.573775291442871
