cost,incumbents,operation_time
120,24451.116751816924,0.0
130,24451.116751816924,3.963900089263916
140,24451.116751816924,5.585472345352173
150,24451.116751816924,5.5435402393341064
160,24451.116751816924,5.615361452102661
170,24451.116751816924,5.792985916137695
180,24451.116751816924,5.744468927383423
190,24451.116751816924,5.916419744491577
200,24451.116751816924,5.765455007553101
210,24451.116751816924,5.824548006057739
220,24451.116751816924,6.361958980560303
