cost,incumbents,operation_time
120,2.6954432521454086,0.0
130,4221.992014502538,1.8926138877868652
140,4221.992014502538,2.1177732944488525
150,4221.992014502538,1.9052889347076416
160,4221.992014502538,2.0473837852478027
170,4221.992014502538,1.8374335765838623
180,4221.992014502538,1.899273157119751
190,4221.992014502538,1.893247127532959
200,4221.992014502538,2.130260467529297
210,4221.992014502538,2.096390962600708
220,4221.992014502538,1.941298246383667
