cost,incumbents,operation_time
120,-0.4003415240308826,0.0
121,12.01240541531021,9.103288888931274
122,12.01240541531021,8.83303451538086
123,12.01240541531021,9.583024740219116
124,12.01240541531021,9.453535795211792
134,12.01240541531021,9.630091190338135
135,12.01240541531021,9.80862021446228
136,12.01240541531021,9.957432270050049
146,12.01240541531021,9.597054243087769
147,12.01240541531021,9.314570188522339
148,12.01240541531021,9.33045506477356
