cost,incumbents,operation_time
120,-0.3461806942762588,0.0
121,16.042772826676675,9.077590227127075
122,16.042772826676675,9.100358009338379
123,16.042772826676675,9.28244137763977
124,16.042772826676675,11.964339017868042
134,16.042772826676675,9.74676775932312
144,16.042772826676675,10.158881664276123
154,16.042772826676675,9.886139392852783
155,16.042772826676675,9.510549783706665
156,16.042772826676675,10.461732625961304
157,16.042772826676675,10.610882759094238
