cost,incumbents,operation_time
120,0.563918488838004,0.0
130,16.36628703783494,3.6921188831329346
140,16.36628703783494,4.0246217250823975
150,16.36628703783494,4.130327463150024
160,16.36628703783494,4.1820478439331055
170,16.36628703783494,4.039985179901123
180,16.36628703783494,3.564166307449341
190,16.36628703783494,3.4960665702819824
200,16.36628703783494,3.4391703605651855
210,16.36628703783494,3.5054030418395996
220,16.36628703783494,3.3585433959960938
