cost,incumbents,operation_time
120,16.577160866671633,0.0
130,16.577160866671633,5.010966539382935
140,16.577160866671633,3.8493473529815674
150,16.577160866671633,5.11434006690979
160,16.577160866671633,4.378379821777344
170,16.577160866671633,4.847233057022095
180,16.577160866671633,4.594255447387695
190,16.577160866671633,3.989189624786377
200,16.577160866671633,3.800496816635132
210,16.577160866671633,3.9960408210754395
220,16.577160866671633,4.294533014297485
