cost,incumbents,operation_time
120,-0.3461806942762588,0.0
130,16.042772826676675,4.049091339111328
140,16.042772826676675,4.008644104003906
150,16.042772826676675,3.872915744781494
160,16.042772826676675,4.205142259597778
170,16.042772826676675,3.884956121444702
180,16.042772826676675,4.5044660568237305
190,16.042772826676675,4.117672443389893
200,16.042772826676675,4.122586965560913
210,16.042772826676675,3.9372575283050537
220,16.042772826676675,5.24252724647522
