cost,incumbents,operation_time
120,0.563918488838004,0.0
130,16.36628703783494,1.684711217880249
140,16.36628703783494,1.7518548965454102
150,16.36628703783494,1.606926441192627
160,16.36628703783494,1.6353263854980469
170,16.36628703783494,1.6634740829467773
180,16.36628703783494,1.7154717445373535
190,16.36628703783494,1.7894840240478516
200,16.36628703783494,1.727518081665039
210,16.36628703783494,1.7563364505767822
220,16.36628703783494,1.664280652999878
