cost,incumbents,operation_time
120,-0.4003415240308826,0.0
130,12.01240541531021,1.8038599491119385
140,12.01240541531021,1.9128830432891846
150,12.01240541531021,1.7488961219787598
160,12.01240541531021,1.8422176837921143
170,12.01240541531021,1.7742938995361328
180,12.01240541531021,1.7945053577423096
190,12.01240541531021,1.7386703491210938
200,12.01240541531021,1.698927402496338
210,12.01240541531021,1.7412259578704834
220,12.01240541531021,1.709540605545044
