cost,incumbents,operation_time
120,16.577160866671633,0.0
130,16.577160866671633,1.6658704280853271
140,16.577160866671633,1.6017274856567383
150,16.577160866671633,1.6725423336029053
160,16.577160866671633,1.8169219493865967
170,16.577160866671633,1.6093757152557373
180,16.577160866671633,1.7061707973480225
190,16.577160866671633,1.7945208549499512
200,16.577160866671633,1.7497220039367676
210,16.577160866671633,1.82676100730896
220,16.577160866671633,1.633554458618164
