cost,incumbents,operation_time
120,-0.3461806942762588,0.0
130,16.042772826676675,9.406874418258667
140,16.042772826676675,11.214269399642944
150,16.042772826676675,10.679277420043945
160,16.042772826676675,9.3079514503479
170,16.042772826676675,9.618529081344604
180,16.70370249653732,11.635821342468262
190,16.70370249653732,9.609019041061401
200,16.70370249653732,11.071907043457031
210,16.70370249653732,8.845471143722534
220,16.70370249653732,14.019236087799072
