cost,incumbents,operation_time
120,-0.6570023667496728,0.0
130,1.1029415827414097,15.186202049255371
140,1.1029415827414097,14.902837991714478
150,1.1029415827414097,15.776850700378418
160,1.1029415827414097,16.133014678955078
170,1.1029415827414097,14.929278135299683
180,1.1029415827414097,15.552140474319458
190,1.1029415827414097,14.533393144607544
200,1.1029415827414097,14.49421501159668
210,1.1029415827414097,14.567683458328247
220,1.1029415827414097,13.788614273071289
