cost,incumbents,operation_time
120,16.577160866671633,0.0
130,16.577160866671633,4.308849811553955
140,16.577160866671633,4.3397626876831055
150,16.577160866671633,4.348979949951172
160,16.577160866671633,4.372382879257202
170,16.577160866671633,5.5478432178497314
180,16.577160866671633,4.430371999740601
190,16.577160866671633,5.31094765663147
200,16.577160866671633,4.837759733200073
210,16.577160866671633,4.85115909576416
220,16.577160866671633,4.71517539024353
