cost,incumbents,operation_time
120,0.563918488838004,0.0
130,16.36628703783494,6.041000843048096
140,16.36628703783494,5.180502891540527
150,16.36628703783494,4.980912208557129
160,16.36628703783494,5.765703439712524
170,16.36628703783494,4.993452310562134
180,16.36628703783494,5.164181232452393
190,16.36628703783494,4.985504865646362
200,16.36628703783494,5.270308256149292
210,16.36628703783494,5.187772035598755
220,16.36628703783494,5.460549831390381
