cost,incumbents,operation_time
120,-0.3461806942762588,0.0
130,16.042772826676675,14.203230857849121
131,16.042772826676675,14.616873264312744
132,16.042772826676675,14.694406747817993
133,16.042772826676675,14.530373096466064
134,16.042772826676675,15.299331426620483
135,16.042772826676675,15.956413269042969
136,16.042772826676675,15.208273887634277
137,16.042772826676675,13.614374160766602
138,16.042772826676675,12.897413969039917
139,16.042772826676675,13.41136908531189
