cost,incumbents,operation_time
120,16.577160866671633,0.0
130,16.577160866671633,10.16974139213562
140,16.577160866671633,10.721051216125488
150,16.577160866671633,8.974434852600098
160,16.577160866671633,10.14485764503479
170,16.577160866671633,8.502441883087158
180,16.577160866671633,7.04188346862793
190,16.577160866671633,6.728555202484131
200,16.577160866671633,6.941926717758179
210,16.577160866671633,7.097523927688599
220,16.577160866671633,7.258214473724365
