cost,incumbents,operation_time
120,-0.6570023667496728,0.0
130,1.1029415827414097,10.168693542480469
140,1.1029415827414097,8.878049850463867
150,1.1029415827414097,8.910333633422852
160,1.1029415827414097,10.765021562576294
170,1.1029415827414097,11.719090223312378
180,1.1029415827414097,11.442670583724976
190,1.1029415827414097,11.504664659500122
200,1.1029415827414097,9.657012224197388
210,1.1029415827414097,9.486592054367065
220,1.1029415827414097,11.140602827072144
