cost,incumbents,operation_time
120,-0.3461806942762588,0.0
130,16.042772826676675,4.5414159297943115
140,16.042772826676675,4.78932523727417
150,16.042772826676675,4.281143665313721
160,16.042772826676675,5.014443874359131
170,16.042772826676675,4.285447120666504
180,16.042772826676675,4.281328201293945
190,16.042772826676675,4.417772531509399
200,16.042772826676675,4.420222997665405
210,16.042772826676675,4.202209234237671
220,16.042772826676675,4.190635442733765
