cost,incumbents,operation_time
120,16.577160866671633,0.0
130,16.577160866671633,7.7773497104644775
140,16.577160866671633,8.132532596588135
150,16.577160866671633,7.579846620559692
160,16.577160866671633,8.326627254486084
170,16.577160866671633,9.661534309387207
180,16.577160866671633,9.019470691680908
190,16.577160866671633,8.282851457595825
200,16.577160866671633,7.383764028549194
210,16.577160866671633,7.7819201946258545
220,16.577160866671633,8.114773273468018
