cost,incumbents,operation_time
120,-0.4003415240308826,0.0
121,12.01240541531021,13.589972019195557
122,12.01240541531021,15.490006923675537
132,12.01240541531021,14.689337253570557
133,12.01240541531021,14.110640525817871
143,12.01240541531021,15.700275421142578
144,12.01240541531021,15.188009023666382
145,12.01240541531021,13.335075616836548
146,12.01240541531021,14.285156965255737
147,12.01240541531021,13.533650636672974
148,12.01240541531021,14.364307403564453
