cost,incumbents,operation_time
120,-0.4003415240308826,0.0
130,12.01240541531021,7.230627536773682
140,12.01240541531021,7.660836935043335
150,12.01240541531021,7.359907627105713
160,12.01240541531021,7.172695636749268
170,12.01240541531021,7.5771803855896
180,12.01240541531021,7.832010746002197
190,12.01240541531021,7.221106290817261
200,12.01240541531021,8.67769718170166
210,12.01240541531021,7.52694296836853
220,12.01240541531021,7.4536590576171875
