cost,incumbents,operation_time
120,16.577160866671633,0.0
121,16.577160866671633,14.902313470840454
122,16.577160866671633,14.54289436340332
123,16.577160866671633,10.969355583190918
124,16.577160866671633,9.360244274139404
125,16.577160866671633,8.668246984481812
126,16.577160866671633,9.43567943572998
136,16.577160866671633,8.562154293060303
137,16.577160866671633,7.696329593658447
138,16.577160866671633,7.927319765090942
148,16.577160866671633,8.128820180892944
