cost,incumbents,operation_time
120,0.563918488838004,0.0
121,16.36628703783494,8.046885251998901
131,16.36628703783494,8.161700010299683
132,16.36628703783494,7.640757083892822
133,16.36628703783494,7.888279914855957
134,16.36628703783494,7.836555242538452
135,16.36628703783494,7.85509181022644
145,16.36628703783494,7.574783802032471
146,16.36628703783494,8.599504709243774
147,16.36628703783494,7.163647413253784
148,16.36628703783494,6.878611326217651
