cost,incumbents,operation_time
120,-0.4003415240308826,0.0
130,12.01240541531021,3.621591091156006
140,12.01240541531021,3.6881868839263916
150,12.01240541531021,3.795464515686035
160,12.01240541531021,3.6338951587677
170,12.01240541531021,3.626473903656006
180,12.01240541531021,3.5054683685302734
190,12.01240541531021,3.616637706756592
200,12.01240541531021,3.5063531398773193
210,12.01240541531021,3.1475651264190674
220,12.01240541531021,2.8101539611816406
