cost,incumbents,operation_time
120,-0.3461806942762588,0.0
130,16.042772826676675,7.047321557998657
140,16.042772826676675,7.5549070835113525
150,16.042772826676675,8.075438022613525
160,16.042772826676675,6.9079718589782715
170,16.042772826676675,8.32527232170105
180,16.042772826676675,7.244431495666504
190,16.042772826676675,6.783178329467773
200,16.042772826676675,7.278613805770874
210,16.042772826676675,7.4819512367248535
220,16.042772826676675,11.001184701919556
