{"optimization_overhead": 18.845704078674316, "runtime": 23.344686031341553, "incumbent": [0.6834419667720795], "time_func_eval": 0.0002300739288330078, "iteration": 0}