cost,SR,IR,rmse,r2,max_value,operation_time
50.0,261.8406349923749,344.662263280328,76.49783885570378,0.6070173934929151,347.4239524099689,0.0
52.0,261.8406349923749,228.73001704366072,69.09472600922493,0.6793990575137613,347.4239524099689,1.2850556373596191
56.0,261.8406349923749,30.179929261452116,136.54620760350238,-0.25208635314390637,347.4239524099689,1.2519629001617432
57.0,261.8406349923749,173.36274117948238,88.56944649926065,0.4732035277543535,347.4239524099689,1.2797138690948486
63.0,261.8406349923749,128.73372576692788,88.22589099841755,0.4772824244929692,347.4239524099689,1.2723522186279297
68.0,239.46104334777436,-27.17455223021159,138.2679701292907,-0.2838614865223219,369.8035440545694,1.2785048484802246
