cost,SR,IR,rmse,r2,max_value,operation_time
50.0,242.37214419468188,322.31175283386574,121.87593864205772,0.0025045032581835214,366.89244320766187,0.0
51.0,-38.17016260790467,417.03472681121457,113.33899405426722,0.13735183234197734,647.4347500102484,1.2767350673675537
56.0,-38.17016260790467,308.59902568815755,123.4088879966626,-0.022746200522597793,647.4347500102484,1.2912259101867676
57.0,-38.17016260790467,-105554.41112822351,34115.03202046547,-78155.76285823908,647.4347500102484,1.2831599712371826
58.0,-38.17016260790467,-6174.792617796282,1909.3197895934497,-243.81179858469648,647.4347500102484,1.2953283786773682
64.0,-38.17016260790467,75.62634474978734,152.448808928785,-0.560713072174267,647.4347500102484,1.2653062343597412
65.0,-45.43573603651737,-764599.1899498698,246361.86231136587,-4075884.295358669,654.7003234388611,1.294696569442749
