cost,incumbents,operation_time
65,1.298424482345581,1.406111717224121
70,1.298424482345581,1.4893367290496826
71,1.298424482345581,1.6290481090545654
74,1.298424482345581,1.6898396015167236
78,1.298424482345581,1.6584296226501465
82,1.298424482345581,1.709932804107666
85,1.298424482345581,1.623260259628296
89,1.298424482345581,1.6666951179504395
93,1.298424482345581,1.6632447242736816
97,1.298424482345581,1.7039570808410645
