cost,incumbents,operation_time
74,1.6183418035507202,5.484784841537476
76,1.6183418035507202,5.156566143035889
77,1.6183418035507202,4.501652002334595
78,1.6183418035507202,3.8980495929718018
81,1.6183418035507202,3.9097235202789307
85,1.6183418035507202,3.8794591426849365
86,1.6183418035507202,4.18209433555603
90,1.6183418035507202,3.7846813201904297
91,1.6183418035507202,4.851589918136597
93,1.6183418035507202,5.140129327774048
