cost,incumbents,operation_time
76,0.8903353810310364,1.71000075340271
80,0.8903353810310364,1.8648285865783691
84,0.8903353810310364,1.7650058269500732
87,0.8903353810310364,1.860522985458374
91,0.8903353810310364,1.9691245555877686
95,0.8903353810310364,1.7212610244750977
96,0.8903353810310364,1.8385839462280273
99,0.8903353810310364,1.8190219402313232
103,0.8903353810310364,1.9489336013793945
104,0.8903353810310364,1.8114871978759766
