cost,incumbents,operation_time
55,1.3948532342910767,2.3625378608703613
56,1.3948532342910767,2.274008274078369
58,1.3948532342910767,2.4105353355407715
62,1.3948532342910767,2.3493971824645996
64,1.3948532342910767,2.9664499759674072
67,1.3948532342910767,2.4506566524505615
69,1.3948532342910767,2.401474952697754
70,1.3948532342910767,2.7144858837127686
75,1.3948532342910767,2.4731128215789795
78,1.3948532342910767,3.0431201457977295
