cost,incumbents,operation_time
52,1.792742371559143,4.729656219482422
53,1.792742371559143,4.001776456832886
54,1.792742371559143,3.7521867752075195
57,1.792742371559143,4.4510228633880615
61,1.792742371559143,4.0968992710113525
62,1.792742371559143,3.7844595909118652
66,1.792742371559143,3.7605693340301514
67,1.792742371559143,4.716679811477661
69,1.792742371559143,4.386662006378174
70,1.792742371559143,3.917405128479004
