cost,incumbents,operation_time
74,1.1414942741394043,1.890528678894043
78,1.1414942741394043,1.855184555053711
82,1.1414942741394043,2.017923355102539
86,1.1414942741394043,1.988175630569458
90,1.1414942741394043,2.0826141834259033
94,1.1414942741394043,2.0407967567443848
98,1.1414942741394043,2.3017308712005615
102,1.1414942741394043,2.202517509460449
105,1.1414942741394043,2.233063220977783
106,1.1414942741394043,2.2436208724975586
