cost,incumbents,operation_time
62,0.9841102361679077,2.5253748893737793
66,0.9841102361679077,1.5003910064697266
70,0.9841102361679077,1.4415948390960693
71,0.9841102361679077,1.5190110206604004
75,0.9841102361679077,1.5632598400115967
78,0.9841102361679077,1.5250799655914307
79,0.9841102361679077,1.5296962261199951
80,0.9841102361679077,1.5659856796264648
84,0.9841102361679077,1.5512871742248535
88,0.9841102361679077,1.5162818431854248
