cost,incumbents,operation_time
56,0.9277968406677246,2.6052560806274414
61,0.9277968406677246,2.5616822242736816
63,0.9277968406677246,2.6552913188934326
65,0.9277968406677246,2.9804039001464844
66,0.9277968406677246,2.609109878540039
67,0.9277968406677246,2.6558749675750732
70,0.9277968406677246,2.714613437652588
74,0.9277968406677246,3.695864677429199
75,1.1084060668945312,3.4283220767974854
79,1.1084060668945312,3.559706211090088
