cost,incumbents,operation_time
59,0.9277968406677246,1.8574438095092773
63,0.9277968406677246,1.8780694007873535
66,0.9277968406677246,1.713181972503662
70,0.9277968406677246,1.7840938568115234
73,0.9277968406677246,1.8989295959472656
75,0.9277968406677246,2.119924545288086
78,0.9277968406677246,2.0324485301971436
79,0.9277968406677246,1.8192832469940186
80,0.9277968406677246,1.9934747219085693
81,0.9277968406677246,1.9144043922424316
