cost,incumbents,operation_time
73,0.8903353810310364,2.7602312564849854
74,0.8903353810310364,2.8398778438568115
79,0.8903353810310364,2.7445356845855713
81,0.8903353810310364,2.620372772216797
83,0.8903353810310364,2.5432755947113037
85,0.8903353810310364,2.866966962814331
86,0.8903353810310364,3.0789284706115723
89,0.8903353810310364,2.975048065185547
93,0.8903353810310364,2.9968926906585693
94,1.1084060668945312,2.6401784420013428
