cost,incumbents,operation_time
57,0.8835790753364563,1.704634666442871
61,0.8835790753364563,1.6589066982269287
65,0.8835790753364563,1.8172814846038818
69,0.8835790753364563,1.6688354015350342
72,0.8835790753364563,1.6630444526672363
73,0.8835790753364563,1.7054808139801025
77,0.8835790753364563,1.7218194007873535
81,0.8835790753364563,1.7173917293548584
84,0.8835790753364563,1.6410152912139893
88,0.8835790753364563,1.8768458366394043
