cost,SR,IR,rmse,r2,max_value,operation_time
16.339850002884624,9.894586534790939,57.62389432976323,18.19368250926645,-0.3714341713658593,62.257535962767655,0.0
17.49229191211368,9.894586534790939,64.24318212153815,21.571899308695077,-0.928015459092296,62.257535962767655,2.0223195552825928
18.90433869552978,9.894586534790939,43.619234831962,15.764203764389492,-0.029622021178356883,62.257535962767655,2.671485662460327
20.29326253227083,9.894586534790939,45.42823831583787,15.671486195955557,-0.017546141609252386,62.257535962767655,2.1845622062683105
21.658238142421705,9.894586534790939,3.3072013834951406,10.397475193028312,0.5520912685010826,62.257535962767655,1.8214619159698486
22.732908982314896,9.894586534790939,65.53827503014804,22.865437942523144,-1.1661712656262444,62.257535962767655,2.7490999698638916
23.7331493940285,9.894586534790939,55.59103772294249,17.553308816497175,-0.2765908574668625,62.257535962767655,2.3853044509887695
