cost,SR,IR,rmse,r2,max_value,operation_time
16.339850002884624,5.984908027208618,37.514579254263964,18.62427718059785,-0.4371185524139023,66.16721447034998,0.0
17.343486117604844,5.984908027208618,36.79794730640414,19.627814490799462,-0.5961644437630274,66.16721447034998,1.6574437618255615
