cost,SR,IR,rmse,r2,max_value,operation_time
16.339850002884624,5.984908027208618,37.514579254263964,18.62427718059785,-0.4371185524139023,66.16721447034998,0.0
17.444546405549445,5.984908027208618,35.52978639443749,18.354488676216153,-0.39578434673365614,66.16721447034998,1.5336496829986572
18.498486866217267,5.984908027208618,-13.838691281028602,49.27561742748229,-9.059997953041494,66.16721447034998,1.5366530418395996
19.654712012172112,5.984908027208618,21.768147089026577,22.158836986248136,-1.034359344016,66.16721447034998,1.5374500751495361
21.02200730747425,5.984908027208618,75.28046645238656,30.26303036105854,-2.794535060846381,66.16721447034998,1.56925368309021
22.554150124829643,5.984908027208618,79.72916934980589,34.71859281810359,-3.9941084809403478,66.16721447034998,1.5320096015930176
24.129265710109113,5.984908027208618,74.70504398561106,29.85987820209319,-2.6941098585982117,66.16721447034998,1.537177562713623
25.413727733081053,5.984908027208618,65.13294416310603,22.273174842443062,-1.055407776854004,66.16721447034998,1.5334551334381104
