cost,SR,IR,rmse,r2,max_value,operation_time
16.339850002884624,13.936423860144266,42.12227613834468,17.15230323203154,-0.21892963157176482,58.21569863741433,0.0
17.5598835237014,13.936423860144266,37.61064395480045,19.223240155929663,-0.5310413709665862,58.21569863741433,1.7464864253997803
