cost,SR,IR,rmse,r2,max_value,operation_time
50.0,13.936423860144266,42.12227613834468,17.15230323203154,-0.21892963157176482,58.21569863741433,0.0
51.0,13.936423860144266,46.932190823947415,15.695983676896153,-0.020729860108097853,58.21569863741433,1.8490478992462158
