cost,SR,IR,rmse,r2,max_value,operation_time
50.0,5.984908027208618,37.514579254263964,18.62427718059785,-0.4371185524139023,66.16721447034998,0.0
51.0,5.984908027208618,36.79794730640414,19.627814490799462,-0.5961644437630274,66.16721447034998,1.714094638824463
