cost,SR,IR,rmse,r2,max_value,operation_time
50.0,5.5560198646750365,4.18872462133308,24.66475335188076,-1.5205034522888012,66.59610263288356,0
