cost,SR,IR,rmse,r2,max_value,operation_time
50.0,14.01181987391935,29.89927046352554,20.237726007948943,-0.6969035825772485,58.14030262363924,0.0
51.0,14.01181987391935,19.891936216393105,24.74027464506306,-1.5359622000388091,58.14030262363924,1.7213847637176514
52.0,14.01181987391935,1.8188554813864641,32.86341720120868,-3.474651155770398,58.14030262363924,1.7292182445526123
53.0,14.01181987391935,-17.45750843514115,41.49373526246482,-6.133436610916208,58.14030262363924,1.7288830280303955
54.0,14.01181987391935,-154.4171118498356,138.57989727672947,-78.56722522733192,58.14030262363924,1.7605276107788086
